key,ar
account.access.accepted,تم قبول الدعوة
account.access.active,المنظمة النشطة
account.access.consentDescription,التطبيقات التي يمكنها الوصول إلى معلومات من حسابك.
account.access.consentEmpty,لا توجد تطبيقات لديها حق الوصول إلى هذا الحساب.
account.access.consentRevokeConfirm,هل تريد إلغاء وصول التطبيق {clientId}؟
account.access.consentRevoked,تم إلغاء وصول التطبيق.
account.access.created,مُنح في {date}
account.access.declined,تم رفض الدعوة
account.access.effectiveDescription,"Review the active organizations, projects, roles, and permissions available to this account."
account.access.effectiveDescription,"Review the active organizations, projects, roles, and permissions available to this account."
account.access.effectiveEmpty,This account has no active organization or project access.
account.access.effectiveEmpty,This account has no active organization or project access.
account.access.effectiveMembership,Membership roles: {roles}
account.access.effectiveMembership,Membership roles: {roles}
account.access.effectivePermissions,Permissions: {permissions}
account.access.effectivePermissions,Permissions: {permissions}
account.access.effectiveSource,Access source: {source}
account.access.effectiveSource,Access source: {source}
account.access.effectiveTitle,Effective access
account.access.effectiveTitle,Effective access
account.access.email,البريد الإلكتروني
account.access.error,تعذر تحميل معلومات هذا الحساب.
account.access.expired,انتهت صلاحية هذه الدعوة.
account.access.invitationDeclineConfirm,هل تريد رفض هذه الدعوة؟
account.access.invitationDescription,راجع المنظمة والأدوار قبل الرد.
account.access.invitationEmpty,لا توجد دعوات معلقة لهذا الحساب.
account.access.invitationFor,دعوة إلى {email}
account.access.invitationMissing,افتح رابط الدعوة الكامل للمتابعة.
account.access.invitationReplay,تم استخدام هذه الدعوة بالفعل أو لم تعد متاحة.
account.access.loadMore,Load more access
account.access.loadMore,Load more access
account.access.membership,أدوار العضوية
account.access.organizationAccess,Organization access
account.access.organizationAccess,Organization access
account.access.organizationDescription,اختر المنظمة التي تعمل بها.
account.access.organizationEmpty,هذا الحساب لا ينتمي إلى أي منظمة.
account.access.permission,ليس لديك إذن لتنفيذ هذا الإجراء.
account.access.roles,الأدوار: {roles}
account.access.scopes,الأذونات: {scopes}
account.access.switchOrganization,تبديل المنظمة
account.access.switched,تم تغيير سياق المنظمة إلى {organization}.
account.delete.confirmLabel,أدخل {email} للتأكيد
account.delete.dangerZone,منطقة الخطر
account.delete.deletedDetail,تمت إزالة حسابك وحق الوصول الخاص بك نهائيًا.
account.delete.deletedTitle,تم حذف الحساب
account.delete.emailMismatch,عنوان البريد الإلكتروني غير متطابق.
account.delete.submit,حذف الحساب نهائيًا
account.delete.title,حذف هذا الحساب نهائيًا
account.delete.warning,لا يمكن التراجع عن هذا الإجراء. ستتوقف جلساتك وحق الوصول الخاص بك عن العمل.
account.directory.title,حسابك
account.factors.addTotp,إضافة تطبيق مصادقة
account.factors.codeCount,{count} رموز استرداد
account.factors.confirm,تأكيد
account.factors.description,راجع طرق المصادقة المتاحة لحسابك وقم بإدارة تطبيق المصادقة الخاص بك.
account.factors.emailOtp,رمز البريد الإلكتروني
account.factors.finishTotp,إكمال إعداد تطبيق المصادقة
account.factors.passkeyCount,{count} مفاتيح مرور
account.factors.passkeys,مفاتيح المرور
account.factors.recovery,الاسترداد
account.factors.removeTotp,إزالة تطبيق المصادقة
account.factors.totp,تطبيق المصادقة
account.factors.totpSecretOnce,أضف هذا المفتاح السري إلى تطبيق المصادقة الخاص بك، ثم أدخل الرمز المكون من ستة أرقام. يتم عرض مفتاح الإعداد هذا الآن فقط.
account.factors.verificationCode,رمز التحقق
account.identities.alreadyLinked,This external account is already linked.
account.identities.confirm,Confirm link
account.identities.confirmDescription,Confirm linking your {provider} account to continue.
account.identities.confirmTitle,Confirm external account
account.identities.description,الحسابات الخارجية المرتبطة بهويتك في Authworks. قم بإلغاء ربط الحسابات التي لم تعد تستخدمها.
account.identities.empty,لا توجد هويات خارجية مرتبطة
account.identities.externalAccount,external account
account.identities.linkDescription,Connect another provider to use it as an authentication method.
account.identities.linkTitle,Link an external account
account.identities.popupBlocked,Allow pop-ups to connect an external account.
account.identities.unlink,إلغاء الربط
account.identities.unlinkConfirm,هل تريد إلغاء ربط هذا الحساب الخارجي؟
account.passkeys.add,إضافة مفتاح مرور
account.passkeys.created,تم الإنشاء في {date}
account.passkeys.description,تستخدم مفاتيح المرور قفل شاشة جهازك أو مفتاح الأمان لتسجيل الدخول الآمن.
account.passkeys.deviceBound,مفتاح مرور مرتبط بالجهاز
account.passkeys.empty,لم يتم تسجيل أي مفاتيح مرور
account.passkeys.remove,إزالة
account.passkeys.synced,مفتاح مرور متزامن
account.password.changed,تم تغيير كلمة المرور الخاصة بك.
account.password.confirm,تأكيد كلمة المرور الجديدة
account.password.current,كلمة المرور الحالية
account.password.description,استخدم كلمة مرور فريدة لا تستخدمها في خدمات أخرى.
account.password.mismatch,كلمات المرور الجديدة غير متطابقة.
account.password.new,كلمة المرور الجديدة
account.password.submit,تغيير كلمة المرور
account.password.title,تغيير كلمة المرور
account.password.tooShort,يجب أن تحتوي كلمة المرور الجديدة على 8 أحرف على الأقل.
account.profile.displayName,الاسم المعروض
account.profile.displayNameRequired,أدخل اسمًا معروضًا.
account.profile.email,عنوان البريد الإلكتروني
account.profile.emailAdd,Add email address
account.profile.emailAddDescription,Add another address to your account. It becomes available after you verify it.
account.profile.emailAddTitle,Add email address
account.profile.emailAddressDescription,Verified addresses can be used for sign-in and account recovery. Account communication uses the primary address.
account.profile.emailAddresses,Email addresses
account.profile.emailAddressesEmpty,No email addresses are available.
account.profile.emailAddressesSaved,Your email addresses were updated.
account.profile.emailChange,Change email address
account.profile.emailChangeDescription,Verify a new address before it replaces the current sign-in address.
account.profile.emailChangeTitle,Change email address
account.profile.emailCodeSent,"Open the verification link sent to {email}, or paste its token below."
account.profile.emailCodeSentGeneric,"Open the verification link sent to your new address, or paste its token below."
account.profile.emailDescription,راجع العنوان المؤكد المستخدم لتسجيل الدخول والتواصل بشأن الحساب.
account.profile.emailDifferent,Use a different address
account.profile.emailInvalid,Enter a valid email address.
account.profile.emailMakePrimary,Make primary
account.profile.emailNew,New email address
account.profile.emailPrimary,Primary
account.profile.emailPrimaryRemoveBlocked,The primary email address cannot be removed.
account.profile.emailRefresh,Refresh addresses
account.profile.emailRemove,Remove
account.profile.emailRemoving,Removing…
account.profile.emailResend,Resend verification email
account.profile.emailSaved,Your verified email address was updated.
account.profile.emailSending,Sending verification email…
account.profile.emailTitle,عنوان البريد الإلكتروني والتحقق
account.profile.emailToken,Verification token
account.profile.emailTokenInvalid,Enter the verification token from the email.
account.profile.emailUpdating,Updating…
account.profile.emailVerify,Verify email address
account.profile.emailVerifying,Verifying…
account.profile.firstName,الاسم الأول
account.profile.gender,Gender
account.profile.gender.man,Man
account.profile.gender.nonBinary,Non-binary
account.profile.gender.unspecified,Unspecified
account.profile.gender.woman,Woman
account.profile.lastName,اسم العائلة
account.profile.nickName,الاسم المستعار
account.profile.nickNameHint,Optional preferred or short name shared in the OIDC nickname claim; display name is shown in the account UI.
account.profile.personalDescription,حافظ على تحديث الملف الشخصي المعروض للتطبيقات والمسؤولين.
account.profile.personalInformation,المعلومات الشخصية
account.profile.phoneAdd,Add phone number
account.profile.phoneChange,Change phone number
account.profile.phoneCode,Six-digit verification code
account.profile.phoneCodeInvalid,Enter the six-digit verification code.
account.profile.phoneCodeSent,Enter the code sent to {phoneNumber} on WhatsApp.
account.profile.phoneDescription,"Add or change the verified WhatsApp number you can use to sign in. Your current number stays active until the new one is verified."
account.profile.phoneDifferent,Use a different number
account.profile.phoneHint,"Use international E.164 format, for example +14155552671."
account.profile.phoneInvalid,Enter a valid phone number in E.164 format.
account.profile.phoneNew,New phone number
account.profile.phoneNotAdded,No verified phone number added
account.profile.phoneNumber,WhatsApp phone number
account.profile.phonePlaceholder,+14155552671
account.profile.phoneResend,Resend code
account.profile.phoneSaved,Your verified phone number was updated.
account.profile.phoneSending,Sending code…
account.profile.phoneTitle,WhatsApp phone number
account.profile.phoneVerify,Verify phone number
account.profile.phoneVerifying,Verifying…
account.profile.picture,Profile picture
account.profile.pictureAlt,Current profile picture
account.profile.pictureChoose,Choose a picture file
account.profile.pictureHint,"Upload a JPEG, PNG, WebP, or GIF image of at most 512 KiB."
account.profile.pictureRemove,Remove picture
account.profile.pictureSaved,Profile picture updated.
account.profile.pictureTooLarge,Choose an image of at most 512 KiB.
account.profile.pictureTypeInvalid,"Choose a JPEG, PNG, WebP, or GIF image."
account.profile.pictureUploading,Uploading the picture…
account.profile.preferredLanguage,اللغة المفضلة
account.profile.save,حفظ التغييرات
account.profile.saved,تم حفظ ملفك الشخصي.
account.profile.signInDescription,تحدد هذه التفاصيل حسابك.
account.profile.signInTitle,تفاصيل تسجيل الدخول
account.profile.userName,اسم المستخدم
account.profile.verificationPending,التحقق معلق
account.profile.verified,تم التحقق
account.recovery.generate,إنشاء رموز جديدة
account.recovery.once,انسخ أو اطبع هذه الرموز الآن. لا يمكن عرضها مرة أخرى.
account.recovery.remaining,تبقى {count} من الرموز غير المستخدمة. يؤدي إنشاء رموز جديدة إلى إبطال المجموعة السابقة.
account.recovery.saveNow,احفظ رموز الاسترداد الخاصة بك الآن
account.recovery.saved,لقد حفظت هذه الرموز
account.recovery.summary,الوصول للاسترداد
account.refreshTokens.active,نشط
account.refreshTokens.description,"راجع التطبيقات التي تستخدم رموز التحديث لهذا الحساب. لا تظهر سوى البيانات الوصفية الآمنة؛ ويؤدي إلغاء العائلة إلى إبطال رموز الوصول الخاصة بها أيضًا."
account.refreshTokens.empty,لا تتوفر عائلات لرموز التحديث
account.refreshTokens.expired,منتهي الصلاحية
account.refreshTokens.expires,تنتهي الصلاحية {date}
account.refreshTokens.lastUsed,آخر استخدام {date}
account.refreshTokens.neverUsed,لم يُستخدم من قبل
account.refreshTokens.revoke,إلغاء العائلة
account.refreshTokens.revokeAll,إلغاء جميع العائلات
account.refreshTokens.revokeAllConfirm,هل تريد إلغاء جميع عائلات رموز التحديث لهذا الحساب؟
account.refreshTokens.revokeConfirm,هل تريد إلغاء عائلة رمز التحديث هذه ورموز الوصول الخاصة بها؟
account.refreshTokens.revoked,ملغى
account.refreshTokens.revokedAt,أُلغي في {date}
account.refreshTokens.scope,النطاقات: {scope}
account.refreshTokens.title,عائلات رموز التحديث
account.security.label,إدارة أمان الحساب
account.securityHistory.category.emailChanges,Email changes
account.securityHistory.category.impersonation,Impersonation
account.securityHistory.category.linkedIdentities,Linked identities
account.securityHistory.category.mfa,Multi-factor authentication
account.securityHistory.category.passkeys,Passkeys
account.securityHistory.category.passwords,Passwords
account.securityHistory.category.refreshTokens,Refresh tokens
account.securityHistory.category.sessions,Sessions
account.securityHistory.description,Review recent safe security activity. Sensitive details and identifiers are never shown.
account.securityHistory.empty,No security activity is available
account.securityHistory.event.accessTokenRevoked,An access token was revoked
account.securityHistory.event.emailChangeFailed,An email address change failed
account.securityHistory.event.emailChangeRequested,An email address change was requested
account.securityHistory.event.emailChangeVerified,A new email address was verified
account.securityHistory.event.emailChanged,The account email address changed
account.securityHistory.event.identityLinked,An external identity was linked
account.securityHistory.event.identityUnlinked,An external identity was unlinked
account.securityHistory.event.impersonationEnded,An impersonation session ended
account.securityHistory.event.impersonationStarted,An impersonation session started
account.securityHistory.event.mfaCompleted,A multi-factor challenge was completed
account.securityHistory.event.mfaFailed,A multi-factor challenge failed
account.securityHistory.event.mfaStarted,A multi-factor challenge started
account.securityHistory.event.passkeyAuthenticationCompleted,A passkey authentication completed
account.securityHistory.event.passkeyAuthenticationStarted,A passkey authentication started
account.securityHistory.event.passkeyCredentialRevoked,A passkey was revoked
account.securityHistory.event.passkeyCredentialUsed,A passkey was used
account.securityHistory.event.passkeyRegistrationCompleted,A passkey registration completed
account.securityHistory.event.passkeyRegistrationStarted,A passkey registration started
account.securityHistory.event.passwordChanged,The password changed
account.securityHistory.event.passwordEmailVerified,The password email address was verified
account.securityHistory.event.passwordLocked,The password account was locked
account.securityHistory.event.passwordLoginFailed,A password sign-in failed
account.securityHistory.event.passwordLoginSucceeded,A password sign-in succeeded
account.securityHistory.event.passwordRecovered,The password was recovered
account.securityHistory.event.passwordRecoveryRequested,Password recovery was requested
account.securityHistory.event.passwordUnlocked,The password account was unlocked
account.securityHistory.event.passwordWhatsappVerified,The WhatsApp sign-in number was verified
account.securityHistory.event.recoveryCodeUsed,A recovery code was used
account.securityHistory.event.recoveryCodesGenerated,Recovery codes were generated
account.securityHistory.event.refreshTokenFamilyRevoked,A refresh-token family was revoked
account.securityHistory.event.sessionCreated,A session was created
account.securityHistory.event.sessionRevoked,A session was revoked
account.securityHistory.event.sessionRotated,A session was renewed
account.securityHistory.event.sessionsRevoked,All sessions were revoked
account.securityHistory.event.totpEnrollmentConfirmed,An authenticator was confirmed
account.securityHistory.event.totpEnrollmentStarted,Authenticator setup started
account.securityHistory.event.totpRemoved,An authenticator was removed
account.securityHistory.event.totpVerified,An authenticator challenge succeeded
account.securityHistory.loadMore,Load more security activity
account.sessionExpired,انتهت صلاحية جلستك
account.sessions.current,الجلسة الحالية
account.sessions.description,راجع الأجهزة التي تم تسجيل الدخول إلى حسابك منها، وقم بإلغاء أي جلسة لا تتعرف عليها.
account.sessions.empty,لا توجد جلسات نشطة
account.sessions.lastUsed,آخر استخدام في {date}
account.sessions.revoke,إلغاء الجلسة
account.sessions.revokeConfirm,هل تريد إلغاء هذه الجلسة فورًا؟
account.sessions.unknownDevice,جهاز غير معروف
account.status.available,متاح
account.status.configured,تمت التهيئة
account.status.notConfigured,غير مهيأ
account.status.unavailable,غير متاح
admin.common.confirmTitle,تأكيد هذا الإجراء
admin.common.next,التالي
admin.common.pagination,ترقيم الصفحات
admin.common.permission,ليس لديك إذن لعرض بيانات الإدارة هذه.
admin.common.previous,السابق
admin.events.actor,الفاعل
admin.events.aggregate,التجميع
admin.events.count,{count} حدثاً
admin.events.description,نشاط أمني غير قابل للتغيير للنطاق الحالي، الأحدث أولاً.
admin.events.empty,لا توجد أحداث تطابق عامل التصفية الحالي.
admin.events.hide,إخفاء الحمولة
admin.events.occurred,وقع في
admin.events.payload,الحمولة
admin.events.redactionNotice,تُخفى القيم السرية قبل تخزين الحدث.
admin.events.search,البحث في الأحداث
admin.events.searchPlaceholder,تصفية حسب النوع أو التجميع أو الفاعل
admin.events.show,إظهار الحمولة
admin.events.systemActor,النظام
admin.events.title,أحداث التدقيق
admin.events.type,نوع الحدث
admin.impersonation.activeTitle,Active impersonation
admin.impersonation.actor,Administrator
admin.impersonation.assuranceRequired,Impersonating a user requires multi-factor authentication. Sign in again with a second factor to continue.
admin.impersonation.assuranceRequiredTitle,Stronger sign-in required
admin.impersonation.auditLink,View the audit events for this impersonation
admin.impersonation.bannerLabel,Impersonation in progress
admin.impersonation.bannerSummary,{actor} is acting as {subject}. This session ends in {remaining}.
admin.impersonation.description,"Act as another person for a short, recorded support session. A reason and a bounded duration are always required."
admin.impersonation.duration,Duration
admin.impersonation.durationHint,"Impersonation always ends automatically, after at most fifteen minutes."
admin.impersonation.durationInvalid,Choose a duration between one second and fifteen minutes.
admin.impersonation.durationMinutes,{count} minutes
admin.impersonation.end,إنهاء انتحال الهوية
admin.impersonation.endConfirm,هل تريد إنهاء انتحال هوية {subject} الآن؟
admin.impersonation.endedNotice,تم إنهاء جلسة انتحال الهوية.
admin.impersonation.expires,Ends
admin.impersonation.expiringSoon,This impersonation ends in under a minute.
admin.impersonation.nestedRejected,You are already acting as another user. End the current impersonation before starting a new one.
admin.impersonation.nestedRejectedTitle,Nested impersonation is not allowed
admin.impersonation.noOrganization,No organization
admin.impersonation.organization,Organization
admin.impersonation.organizationHint,Optional. Restrict the session to the permissions the person holds in one organization.
admin.impersonation.permissionDenied,You do not have permission to impersonate users in this realm.
admin.impersonation.permissionDeniedTitle,الوصول غير متاح
admin.impersonation.reason,Reason
admin.impersonation.reasonHint,Recorded in the audit trail and shown to the person you act as.
admin.impersonation.reasonRequired,Enter a reason between 3 and 256 characters.
admin.impersonation.remaining,Remaining
admin.impersonation.remainingValue,{minutes}:{seconds}
admin.impersonation.selfRejected,You cannot impersonate your own account.
admin.impersonation.start,Start impersonation
admin.impersonation.startConfirm,Start acting as {subject}? Everything you do will be recorded against your own identity.
admin.impersonation.startedAt,Started
admin.impersonation.startedNotice,You are now acting as {subject}.
admin.impersonation.subject,Acting as
admin.impersonation.target,User to impersonate
admin.impersonation.targetRequired,Choose the user you want to act as.
admin.impersonation.title,Impersonation
admin.impersonation.userAction,Impersonate this user
admin.machine.assuranceRequired,تتطلب إدارة مستخدمي الأجهزة وبيانات اعتمادهم تسجيل دخول أقوى وأحدث. سجّل الدخول مرة أخرى للمتابعة.
admin.machine.assuranceRequiredTitle,مطلوب تسجيل دخول أقوى
admin.machine.created,تاريخ الإنشاء
admin.machine.credentials.apiKeyCreated,تم إصدار مفتاح واجهة البرمجة.
admin.machine.credentials.description,بيانات اعتماد يقدّمها مستخدم الجهاز للحصول على رمز وصول. لا يُخزَّن سوى بياناتها الوصفية، ولا تُخزَّن القيمة أبدًا.
admin.machine.credentials.empty,لا توجد بعد بيانات اعتماد لمستخدم الجهاز هذا.
admin.machine.credentials.expires,تنتهي الصلاحية
admin.machine.credentials.expiresHint,اترك هذا الحقل فارغًا لإصدار بيانات اعتماد لا تنتهي صلاحيتها.
admin.machine.credentials.expiryInvalid,أدخل تاريخ انتهاء صلاحية صالحاً، أو اترك الحقل فارغاً لبيانات اعتماد لا تنتهي صلاحيتها.
admin.machine.credentials.expiryPast,اختر تاريخ انتهاء صلاحية في المستقبل.
admin.machine.credentials.issue,إصدار بيانات اعتماد
admin.machine.credentials.issueDescription,أصدر رمز وصول شخصيًا أو مفتاح واجهة برمجة. تظهر القيمة مرة واحدة فقط ولا يمكن استرجاعها.
admin.machine.credentials.kind,نوع بيانات الاعتماد
admin.machine.credentials.kindAccessToken,رمز الوصول
admin.machine.credentials.kindApiKey,مفتاح واجهة البرمجة
admin.machine.credentials.kindClientSecret,سر العميل
admin.machine.credentials.kindHint,يتصرف رمز الوصول الشخصي نيابةً عن مستخدم الجهاز مباشرةً. أما مفتاح واجهة البرمجة فمخصّص لتكامل واحد.
admin.machine.credentials.kindToken,رمز وصول شخصي
admin.machine.credentials.name,الاسم
admin.machine.credentials.nameRequired,أدخل اسماً حتى يمكن التعرف على بيانات الاعتماد هذه لاحقاً.
admin.machine.credentials.neverExpires,لا تنتهي صلاحيته
admin.machine.credentials.onceWarning,تظهر القيمة الصادرة مرة واحدة فقط. احفظها قبل إغلاق هذه النافذة؛ لا يمكن استرجاعها مرة أخرى.
admin.machine.credentials.revoke,إبطال
admin.machine.credentials.revokeConfirm,هل تريد إبطال بيانات الاعتماد هذه؟ سيتوقف كل ما يستخدمها عن العمل فوراً.
admin.machine.credentials.revoked,تم إبطال بيانات الاعتماد.
admin.machine.credentials.scopes,النطاقات
admin.machine.credentials.scopesHint,افصل بين النطاقات بمسافات أو فواصل. اتركه فارغًا لوراثة نطاقات مستخدم الجهاز.
admin.machine.credentials.stateActive,نشطة
admin.machine.credentials.stateExpired,منتهية الصلاحية
admin.machine.credentials.stateRevoked,مُبطَلة
admin.machine.credentials.subject,مستخدم الجهاز
admin.machine.credentials.title,بيانات الاعتماد والرموز
admin.machine.credentials.tokenCreated,تم إصدار رمز الوصول الشخصي.
admin.machine.credentials.unnamed,بيانات اعتماد بلا اسم
admin.machine.crossTenant,ينتمي مستخدم الجهاز هذا إلى نطاق آخر وهو غير متاح هنا.
admin.machine.lifecycle.activate,تفعيل
admin.machine.lifecycle.deactivate,تعطيل
admin.machine.lifecycle.description,يمنع التعطيل جميع بيانات الاعتماد من المصادقة. الإزالة دائمة ولا يمكن التراجع عنها.
admin.machine.lifecycle.remove,إزالة مستخدم الجهاز
admin.machine.lifecycle.removeConfirm,هل تريد إزالة هذا المستخدم الآلي؟ ستتوقف جميع بيانات اعتماده عن العمل فوراً ولا يمكن استعادتها.
admin.machine.lifecycle.title,دورة الحياة
admin.machine.pageNext,الصفحة التالية
admin.machine.pagePrevious,الصفحة السابقة
admin.machine.permissionDenied,ليس لديك إذن لعرض مستخدمي الأجهزة في هذا النطاق أو تغييرهم.
admin.machine.permissionDeniedTitle,الوصول غير متاح
admin.machine.secret.acknowledge,لقد حفظت السر
admin.machine.secret.apiKeyTitle,مفتاح واجهة برمجة جديد
admin.machine.secret.clientId,معرّف العميل
admin.machine.secret.clientTitle,سر عميل جديد
admin.machine.secret.copied,تم النسخ إلى الحافظة
admin.machine.secret.copy,نسخ السر
admin.machine.secret.copyFailed,الحافظة غير متاحة. حدّد القيمة وانسخها يدويًا.
admin.machine.secret.description,يتيح سر العميل لمستخدم الجهاز هذا استبدال بيانات اعتماد العميل برمز وصول. يُخزَّن للكتابة فقط ولا يمكن إلا تدويره.
admin.machine.secret.once,هذه هي المرة الوحيدة التي تظهر فيها قيمة {name}. احفظها الآن؛ لا يمكن استرجاعها.
admin.machine.secret.redacted,مخزَّن ومخفي
admin.machine.secret.rotate,تدوير سر العميل
admin.machine.secret.rotateConfirm,هل تريد تدوير سر العميل هذا؟ سيتوقف السر الحالي عن العمل فوراً ولا يمكن استرجاعه.
admin.machine.secret.rotated,تم تدوير سر العميل.
admin.machine.secret.title,سر العميل
admin.machine.secret.tokenTitle,رمز وصول شخصي جديد
admin.machine.secret.value,قيمة السر
admin.machine.status,الحالة
admin.machine.updated,آخر تحديث
admin.machine.users.create,إنشاء مستخدم جهاز
admin.machine.users.createDescription,أنشئ هوية غير بشرية لخدمة أو تكامل. يظهر سر العميل الخاص بها مرة واحدة فقط.
admin.machine.users.createSecretHint,يُصدَر معرّف عميل وسر عميل على الفور. يظهر السر مرة واحدة فقط ولا يمكن استرجاعه.
admin.machine.users.created,تم إنشاء مستخدم الجهاز.
admin.machine.users.description,هويات غير بشرية تُصادق في هذا النطاق باستخدام بيانات اعتماد العميل أو الرموز أو مفاتيح واجهة البرمجة.
admin.machine.users.detailTitle,تفاصيل مستخدم الآلة
admin.machine.users.displayName,الاسم المعروض
admin.machine.users.empty,لا يوجد بعد أي مستخدم جهاز في هذا النطاق.
admin.machine.users.invalid,أدخل اسم عرض واسم مستخدم، واستخدم قيم نطاقات صالحة فقط.
admin.machine.users.lifecycleChanged,تم تغيير حالة مستخدم الجهاز.
admin.machine.users.missingId,يجب اختيار مستخدم آلي لهذه الوجهة.
admin.machine.users.noScopes,لا توجد نطاقات
admin.machine.users.scopes,النطاقات
admin.machine.users.scopesHint,افصل بين النطاقات بمسافات أو فواصل. تُطابَق النطاقات مطابقةً تامة.
admin.machine.users.search,البحث عن مستخدمي الأجهزة
admin.machine.users.title,مستخدمو الأجهزة
admin.machine.users.userName,اسم المستخدم
admin.machine.users.userNameHint,يُستخدم كمعرّف عميل عند استبدال بيانات اعتماد العميل.
admin.navigation.description,اختر مورداً إدارياً
admin.navigation.hide,إخفاء الشريط الجانبي
admin.navigation.label,الإدارة
admin.navigation.title,التنقل في الإدارة
admin.oidc.assuranceRequired,تتطلب إدارة إعدادات OpenID Connect تسجيل دخول أقوى وأحدث. سجّل الدخول مرة أخرى للمتابعة.
admin.oidc.assuranceRequiredTitle,مطلوب تسجيل دخول أقوى
admin.oidc.clients.consent,الموافقة
admin.oidc.clients.consentRequired,مطلوبة
admin.oidc.clients.consentSkipped,غير مطلوبة
admin.oidc.clients.create,تسجيل عميل
admin.oidc.clients.createDescription,سجّل تطبيقًا يسجّل دخول الأشخاص عبر OpenID Connect. يحصل العميل السري على سر لمرة واحدة فقط.
admin.oidc.clients.created,تم تسجيل العميل.
admin.oidc.clients.description,التطبيقات التي تصادق الأشخاص عبر OpenID Connect في هذا النطاق.
admin.oidc.clients.detailTitle,تفاصيل عميل OIDC
admin.oidc.clients.empty,لا يوجد بعد أي عميل OpenID Connect مسجّل في هذا النطاق.
admin.oidc.clients.exactMatchHint,معرّف URI واحد في كل سطر. تتم مطابقة كل إعادة توجيه بشكل تام، لذا تُرفض أحرف البدل والاختلافات في النهاية.
admin.oidc.clients.identifier,معرّف العميل
admin.oidc.clients.invalid,أدخل اسم عميل، ومعرّف URI واحداً على الأقل لإعادة التوجيه المطابق تماماً، ونطاقاً واحداً على الأقل.
admin.oidc.clients.lifecycleChanged,تم تغيير حالة العميل.
admin.oidc.clients.missingId,يجب اختيار عميل OIDC لهذه الوجهة.
admin.oidc.clients.name,اسم العميل
admin.oidc.clients.postLogoutUris,معرّفات URI لإعادة التوجيه بعد تسجيل الخروج
admin.oidc.clients.redirectUris,معرّفات URI لإعادة التوجيه
admin.oidc.clients.removeConfirm,هل تريد إزالة عميل OIDC هذا؟ ستتوقف التطبيقات التي تستخدمه عن العمل فوراً.
admin.oidc.clients.requireConsent,اطلب من الشخص الموافقة على هذا التطبيق
admin.oidc.clients.saved,تم حفظ العميل.
admin.oidc.clients.scopes,النطاقات المسموح بها
admin.oidc.clients.search,البحث عن العملاء
admin.oidc.clients.settingsDescription,تحكّم في اسم العميل ومعرّفات URI الدقيقة لإعادة التوجيه والنطاقات المسموح بها وطريقة التعامل مع الموافقة.
admin.oidc.clients.settingsTitle,إعدادات العميل
admin.oidc.clients.statusValue.active,نشط
admin.oidc.clients.statusValue.inactive,غير نشط
admin.oidc.clients.statusValue.removed,مُزالة
admin.oidc.clients.title,عملاء OpenID Connect
admin.oidc.clients.trusted,موثوق
admin.oidc.clients.trustedHint,يتخطى العميل الموثوق شاشة الموافقة بالكامل. ضع علامة موثوق على تطبيقاتك الخاصة فقط.
admin.oidc.clients.type,نوع العميل
admin.oidc.clients.typeConfidential,سري
admin.oidc.clients.typeHint,يحتفظ العميل السري بسر على خادم. أما العميل العام، مثل تطبيق الجوال أو تطبيق الصفحة الواحدة، فلا يستطيع ذلك.
admin.oidc.clients.typePublic,عام
admin.oidc.confirmTitle,تأكيد هذا التغيير
admin.oidc.consents.client,التطبيق
admin.oidc.consents.description,التطبيقات التي وافق عليها الشخص. يؤدي إلغاء الموافقة إلى مطالبته بالموافقة على التطبيق مرة أخرى.
admin.oidc.consents.empty,لم يوافق هذا الشخص على أي تطبيق بعد.
admin.oidc.consents.granted,تمت الموافقة
admin.oidc.consents.revokeConfirm,هل تريد إبطال هذه الموافقة؟ سيُطلب من الشخص الموافقة على التطبيق مرة أخرى.
admin.oidc.consents.revoked,تم إلغاء الموافقة.
admin.oidc.consents.title,موافقات التطبيقات
admin.oidc.consents.user,الشخص
admin.oidc.created,تاريخ الإنشاء
admin.oidc.crossTenant,ينتمي هذا المورد إلى نطاق آخر وغير متاح هنا.
admin.oidc.documents.authorizationEndpoint,نقطة نهاية التفويض
admin.oidc.documents.copied,تم النسخ
admin.oidc.documents.copy,نسخ المستند
admin.oidc.documents.description,مستندات البروتوكول التي ينشرها Authworks لهذا النطاق، تمامًا كما تقرأها مكتبة العميل.
admin.oidc.documents.discoveryDescription,بيانات تعريف موفّر OpenID المقدَّمة من نقطة نهاية well-known.
admin.oidc.documents.discoveryTitle,مستند الاكتشاف
admin.oidc.documents.empty,لم تُنشر بعد أي مستندات بروتوكول لهذا النطاق.
admin.oidc.documents.endSessionEndpoint,نقطة نهاية إنهاء الجلسة
admin.oidc.documents.issuer,المُصدِر
admin.oidc.documents.jwksDescription,المفاتيح العامة التي تتحقق من الرموز الصادرة عن هذا النطاق.
admin.oidc.documents.jwksTitle,مجموعة مفاتيح الويب JSON
admin.oidc.documents.jwksUri,معرّف URI لـ JWKS
admin.oidc.documents.open,فتح نقطة النهاية
admin.oidc.documents.readOnly,تُنشأ هذه المستندات من إعدادات النطاق ومفاتيح التوقيع. ولا يمكن تحريرها هنا.
admin.oidc.documents.showRaw,عرض المستند الخام
admin.oidc.documents.title,مستندات البروتوكول
admin.oidc.documents.tokenEndpoint,نقطة نهاية الرمز
admin.oidc.documents.userinfoEndpoint,نقطة نهاية userinfo
admin.oidc.keys.algorithm,الخوارزمية
admin.oidc.keys.create,إضافة مفتاح
admin.oidc.keys.created,تم نشر مفتاح توقيع جديد.
admin.oidc.keys.description,المفاتيح التي توقّع رموز هذا النطاق. يؤدي التدوير إلى نشر مفتاح جديد وإحالة المفتاح الحالي إلى التقاعد.
admin.oidc.keys.empty,لا توجد بعد مفاتيح توقيع لهذا النطاق.
admin.oidc.keys.keyId,معرّف المفتاح
admin.oidc.keys.privateNotice,تُعرض بيانات تعريف المفتاح العام فقط. ولا تُرسل مادة المفتاح الخاص إلى المتصفح أبدًا.
admin.oidc.keys.retire,إحالة إلى التقاعد
admin.oidc.keys.retireConfirm,هل تريد إيقاف مفتاح التوقيع هذا؟ لن يمكن التحقق من الرموز الموقعة به بعد مغادرته لمجموعة مفاتيح JWKS.
admin.oidc.keys.retired,تمت إحالة مفتاح التوقيع إلى التقاعد.
admin.oidc.keys.retiredAt,تاريخ التقاعد
admin.oidc.keys.rotate,تدوير المفتاح
admin.oidc.keys.rotateConfirm,هل تريد تدوير مفتاح التوقيع؟ سيتم نشر مفتاح جديد وسينتهي استخدام المفتاح الحالي.
admin.oidc.keys.rotated,تم تدوير مفتاح التوقيع.
admin.oidc.keys.statusValue.active,نشط
admin.oidc.keys.statusValue.retired,متقاعد
admin.oidc.keys.title,مفاتيح التوقيع
admin.oidc.lifecycle.activate,تفعيل
admin.oidc.lifecycle.deactivate,إلغاء التفعيل
admin.oidc.lifecycle.remove,إزالة العميل
admin.oidc.permissionDenied,ليس لديك إذن لعرض إعدادات OpenID Connect في هذا النطاق أو تغييرها.
admin.oidc.permissionDeniedTitle,الوصول غير متاح
admin.oidc.secret.acknowledge,لقد حفظت السر
admin.oidc.secret.copied,تم النسخ إلى الحافظة
admin.oidc.secret.copy,نسخ السر
admin.oidc.secret.copyFailed,الحافظة غير متاحة. حدّد القيمة وانسخها يدويًا.
admin.oidc.secret.createdTitle,سر عميل جديد
admin.oidc.secret.description,لا يُعرض سر العميل المحفوظ مرة أخرى أبدًا. دوّره لإصدار بديل، أو ألغِه لمنع العميل من المصادقة.
admin.oidc.secret.once,هذه هي المرة الوحيدة التي يُعرض فيها سر {client}. احفظه الآن؛ لا يمكن استرجاعه.
admin.oidc.secret.publicClient,يصادق العميل العام دون سر، لذا لا يوجد ما يمكن تدويره.
admin.oidc.secret.redacted,محفوظ ومخفي
admin.oidc.secret.revoke,إلغاء السر
admin.oidc.secret.revokeConfirm,هل تريد إبطال سر العميل هذا؟ لن يتمكن العميل من المصادقة حتى يصدر سر جديد.
admin.oidc.secret.revoked,تم إلغاء سر العميل.
admin.oidc.secret.rotate,تدوير السر
admin.oidc.secret.rotateConfirm,هل تريد تدوير سر العميل هذا؟ سيتوقف السر الحالي عن العمل فوراً.
admin.oidc.secret.rotated,تم تدوير سر العميل.
admin.oidc.secret.rotatedTitle,سر العميل بعد التدوير
admin.oidc.secret.title,سر العميل
admin.oidc.status,الحالة
admin.oidc.updated,آخر تحديث
admin.organizations.assuranceRequired,سجّل الدخول مرة أخرى بطريقة مصادقة أقوى لتغيير إعداد المؤسسة هذا.
admin.organizations.assuranceRequiredTitle,مطلوب تسجيل دخول أقوى
admin.organizations.branding.background,لون الخلفية
admin.organizations.branding.dark,سمة داكنة
admin.organizations.branding.description,الألوان والشعارات والروابط القانونية المعروضة في شاشات تسجيل الدخول والحساب المستضافة.
admin.organizations.branding.font,لون النص
admin.organizations.branding.iconUrl,عنوان URL للأيقونة
admin.organizations.branding.light,سمة فاتحة
admin.organizations.branding.logoUrl,عنوان URL للشعار
admin.organizations.branding.preview,معاينة
admin.organizations.branding.primary,اللون الأساسي
admin.organizations.branding.privacyUrl,عنوان URL لسياسة الخصوصية
admin.organizations.branding.saved,تم حفظ الهوية البصرية.
admin.organizations.branding.termsUrl,عنوان URL لشروط الخدمة
admin.organizations.branding.themeMode,السمة الافتراضية
admin.organizations.branding.title,الهوية البصرية
admin.organizations.branding.warn,لون التحذير
admin.organizations.branding.watermark,إخفاء العلامة المائية لـ Authworks
admin.organizations.detail.created,تاريخ الإنشاء
admin.organizations.detail.realm,النطاق
admin.organizations.detail.settingsDescription,تحكّم في اسم المؤسسة وحالة دورة حياتها.
admin.organizations.detail.settingsTitle,إعدادات المؤسسة
admin.organizations.detail.updated,آخر تحديث
admin.organizations.detailTitle,تفاصيل المنظمة
admin.organizations.domains.claim,المطالبة بالنطاق
admin.organizations.domains.claimed,تمت المطالبة بـ {domain} وهو في انتظار التحقق.
admin.organizations.domains.description,تتيح النطاقات الموثّقة للأشخاص العثور على هذه المؤسسة من عنوان بريدهم الإلكتروني.
admin.organizations.domains.discovery,معاينة الاكتشاف
admin.organizations.domains.discoveryDescription,تحقّق من المؤسسة التي يُحل إليها النطاق حالياً أثناء تسجيل الدخول.
admin.organizations.domains.discoveryFound,يُحل {domain} إلى {organization}.
admin.organizations.domains.discoveryMissing,لا يُحل {domain} إلى أي مؤسسة.
admin.organizations.domains.domain,النطاق
admin.organizations.domains.empty,لم تطالب هذه المؤسسة بأي نطاق بعد.
admin.organizations.domains.invalid,أدخل اسم نطاق صالحاً.
admin.organizations.domains.placeholder,example.com
admin.organizations.domains.primary,المجال الأساسي
admin.organizations.domains.remove,إزالة النطاق
admin.organizations.domains.removeConfirm,هل تريد إزالة النطاق {domain}؟ سيتوقف اكتشاف المؤسسة له فوراً.
admin.organizations.domains.removed,تمت إزالة النطاق.
admin.organizations.domains.title,النطاقات والاكتشاف
admin.organizations.domains.unverified,في انتظار التحقق
admin.organizations.domains.verificationRecord,أضف سجل DNS TXT هذا، ثم تحقّق.
admin.organizations.domains.verified,Verified
admin.organizations.domains.verify,التحقق من النطاق
admin.organizations.domains.verifyDone,تم التحقق من النطاق.
admin.organizations.invitations.create,دعوة شخص
admin.organizations.invitations.description,ادعُ الأشخاص عبر البريد الإلكتروني وتتبّع الدعوات التي ما زالت معلّقة.
admin.organizations.invitations.email,Email address
admin.organizations.invitations.emailInvalid,أدخل عنوان بريد إلكتروني صالحاً.
admin.organizations.invitations.empty,لم تُرسل أي دعوة لهذه المؤسسة.
admin.organizations.invitations.expires,ينتهي في
admin.organizations.invitations.revoke,إبطال الدعوة
admin.organizations.invitations.revokeConfirm,هل تريد إبطال الدعوة لـ {email}؟ سيتوقف رابط الدعوة عن العمل فوراً.
admin.organizations.invitations.revoked,تم إبطال الدعوة.
admin.organizations.invitations.rolesInvalid,اختر ما بين دور واحد وأربعة أدوار.
admin.organizations.invitations.sent,تم إنشاء الدعوة.
admin.organizations.invitations.statusValue.accepted,مقبولة
admin.organizations.invitations.statusValue.declined,مرفوضة
admin.organizations.invitations.statusValue.expired,منتهية الصلاحية
admin.organizations.invitations.statusValue.pending,قيد الانتظار
admin.organizations.invitations.statusValue.revoked,مُبطَلة
admin.organizations.invitations.title,الدعوات
admin.organizations.invitations.tokenDismiss,لقد حفظت هذا الرابط
admin.organizations.invitations.tokenOnce,يُعرض رابط الدعوة هذا مرة واحدة. شاركه مع الشخص الذي دعوته.
admin.organizations.invitations.tokenTitle,رابط الدعوة
admin.organizations.lifecycle.activate,إعادة تفعيل المؤسسة
admin.organizations.lifecycle.activateConfirm,هل تريد إعادة تنشيط هذه المؤسسة؟ يفقد الأعضاء الوصول طالما أنها غير نشطة.
admin.organizations.lifecycle.changed,تم تغيير حالة دورة حياة المؤسسة.
admin.organizations.lifecycle.deactivate,إلغاء تفعيل المؤسسة
admin.organizations.lifecycle.deactivateConfirm,هل تريد إلغاء تنشيط هذه المؤسسة؟ يفقد الأعضاء الوصول طالما أنها غير نشطة.
admin.organizations.lifecycle.remove,إزالة المؤسسة
admin.organizations.lifecycle.removeConfirm,هل تريد إزالة هذه المؤسسة؟ يفقد الأعضاء الوصول طالما أنها غير نشطة.
admin.organizations.list.create,إنشاء مؤسسة
admin.organizations.list.description,تجمع المؤسسات الأشخاص والنطاقات والهوية البصرية لهذا النطاق.
admin.organizations.list.empty,لا توجد مؤسسات في هذا النطاق بعد.
admin.organizations.list.name,اسم المؤسسة
admin.organizations.list.nameRequired,أدخل اسم المنظمة.
admin.organizations.list.search,البحث في المؤسسات
admin.organizations.list.title,المؤسسات
admin.organizations.memberships.add,إضافة عضو
admin.organizations.memberships.added,تمت إضافة العضو.
admin.organizations.memberships.description,الأشخاص في هذه المؤسسة والأدوار الثابتة المسندة إليهم.
admin.organizations.memberships.empty,لا يوجد أعضاء في هذه المؤسسة بعد.
admin.organizations.memberships.invalid,أدخل معرّف مستخدم واختر ما بين دور واحد وأربعة أدوار.
admin.organizations.memberships.remove,إزالة العضو
admin.organizations.memberships.removeConfirm,هل تريد إزالة {userId} من هذه المؤسسة؟ سينتهي وصوله إلى المؤسسة فوراً.
admin.organizations.memberships.removed,تمت إزالة العضو.
admin.organizations.memberships.roles,الأدوار
admin.organizations.memberships.rolesFixed,الأدوار ثابتة بواسطة Authworks ولا يمكن إعادة تسميتها.
admin.organizations.memberships.title,الأعضاء والأدوار
admin.organizations.memberships.updated,تم تحديث أدوار العضو.
admin.organizations.memberships.user,المستخدم
admin.organizations.memberships.userId,معرّف المستخدم
admin.organizations.pageNext,الصفحة التالية
admin.organizations.pagePrevious,الصفحة السابقة
admin.organizations.permissionDenied,ليس لديك إذن لعرض هذه المؤسسة أو تغييرها.
admin.organizations.permissionDeniedTitle,الوصول غير متاح
admin.organizations.policy.allowedFactors,Allowed MFA factors
admin.organizations.policy.allowedFactorsDescription,Only these factors may complete MFA. WhatsApp sign-in and recovery codes are not configurable factors.
admin.organizations.policy.assurance.authenticated,Authenticated session
admin.organizations.policy.assurance.multi_factor,Multi-factor session
admin.organizations.policy.assurance.none,No assurance requirement
admin.organizations.policy.description,اختر طرق تسجيل الدخول التي يمكن للأشخاص استخدامها وموفري الهوية المكوّنين الذين سيظهرون.
admin.organizations.policy.domainDiscovery,اكتشاف المؤسسة من نطاق البريد الإلكتروني
admin.organizations.policy.down,Down
admin.organizations.policy.effectiveValue,Effective value: {value}
admin.organizations.policy.emailOtp,رمز لمرة واحدة عبر البريد الإلكتروني
admin.organizations.policy.enforcementAuthenticated,Protected organization operations require an authenticated session.
admin.organizations.policy.enforcementMultiFactor,Protected organization operations require a multi-factor session and prompt for step-up when needed.
admin.organizations.policy.enforcementNone,Protected organization operations do not add an assurance requirement.
admin.organizations.policy.enforcementOptional,Login can complete without an additional MFA factor.
admin.organizations.policy.enforcementRequired,Login cannot complete until a permitted MFA factor succeeds.
admin.organizations.policy.enforcementTitle,Effective enforcement
admin.organizations.policy.externalIdentity,مزوّدو الهوية الخارجيون
admin.organizations.policy.factor.emailOtp,Email one-time code
admin.organizations.policy.factor.passkey,Passkey
admin.organizations.policy.factor.totp,Authenticator app (TOTP)
admin.organizations.policy.inherited,موروث من النطاق
admin.organizations.policy.minimumAssurance,Minimum step-up assurance
admin.organizations.policy.moveDown,Move {factor} down
admin.organizations.policy.moveUp,Move {factor} up
admin.organizations.policy.notRequired,Not required
admin.organizations.policy.organizationOverrides,Organization overrides
admin.organizations.policy.organizationValue,Organization override
admin.organizations.policy.overrideRealm,Override the realm value
admin.organizations.policy.passkey,Passkeys
admin.organizations.policy.password,كلمة المرور
admin.organizations.policy.passwordRecovery,استعادة كلمة المرور
admin.organizations.policy.preferredOrder,Preferred factor order
admin.organizations.policy.preferredOrderDescription,Use the Up and Down buttons to set the keyboard-accessible factor preference.
admin.organizations.policy.realmDefaults,Realm defaults
admin.organizations.policy.realmValue,Realm value
admin.organizations.policy.registration,التسجيل الذاتي
admin.organizations.policy.remediation,People without an enrolled permitted factor are sent to enrollment and remediation instead of being locked out.
admin.organizations.policy.required,Required
admin.organizations.policy.requiredMfa,Required MFA
admin.organizations.policy.saved,تم حفظ سياسة تسجيل الدخول.
admin.organizations.policy.scopeLabel,Policy scope
admin.organizations.policy.securityDescription,Set login MFA and the assurance required for protected organization operations.
admin.organizations.policy.securityTitle,MFA and assurance
admin.organizations.policy.title,سياسة تسجيل الدخول
admin.organizations.policy.up,Up
admin.organizations.policy.validation.assuranceWeaker,The organization assurance requirement cannot be weaker than the realm value.
admin.organizations.policy.validation.factorNarrowing,Organization factors must be a subset of the realm factor allowlist.
admin.organizations.policy.validation.order,The preferred order may contain only allowed factors.
admin.organizations.policy.validation.requiredFactors,Required MFA needs at least one allowed factor.
admin.organizations.policy.validation.requiredMfaWeaker,The organization cannot turn off MFA required by the realm.
admin.organizations.providers.allowAccountCreation,إنشاء حسابات للأشخاص الجدد تلقائياً
admin.organizations.providers.clientId,معرّف العميل
admin.organizations.providers.clientSecret,سر العميل
admin.organizations.providers.create,إضافة مزوّد
admin.organizations.providers.created,تمت تهيئة المزوّد.
admin.organizations.providers.description,موفرو Google وGitHub وMicrosoft المكوّنون لهذه المؤسسة.
admin.organizations.providers.disable,تعطيل المزوّد
admin.organizations.providers.disableConfirm,هل تريد تعطيل {displayName}؟ لن يتمكن الأشخاص من تسجيل الدخول باستخدام هذا المزوّد بعد الآن.
admin.organizations.providers.disabled,تم تعطيل المزوّد.
admin.organizations.providers.displayName,اسم العرض
admin.organizations.providers.empty,لم يتم تهيئة أي مزوّد هوية خارجي بعد.
admin.organizations.providers.invalid,أدخل اسم عرض، ومعرّف عميل، وسر عميل، ومعرّف URI مطلقاً لإعادة التوجيه.
admin.organizations.providers.redirectUri,عنوان URI لإعادة التوجيه
admin.organizations.providers.rotateSecret,استبدال سر العميل
admin.organizations.providers.secretRotated,تم استبدال سر العميل.
admin.organizations.providers.secretWriteOnly,لا يتم عرض سر العميل المخزن أبداً. أدخل قيمة جديدة لاستبداله.
admin.organizations.providers.title,مزوّدو الهوية
admin.organizations.providers.type,المزوّد
admin.organizations.providers.updated,تم تحديث المزوّد.
admin.organizations.renamed,تمت إعادة تسمية المؤسسة.
admin.organizations.status,الحالة
admin.organizations.statusValue.active,نشط
admin.organizations.statusValue.inactive,غير نشط
admin.organizations.statusValue.removed,مُزالة
admin.overview.description,هوية النطاق الذي تديره ومجالاته ودورة حياته.
admin.overview.sessionTitle,جلسة المسؤول
admin.overview.title,نظرة عامة على النطاق
admin.projects.access.description,الأدوار التي يمتلكها هذا المسؤول فعلياً في المشروع الآن.
admin.projects.access.empty,لا توجد أدوار مشروع فعّالة في سياق المؤسسة الحالي.
admin.projects.access.grantedOrganization,مُمنَح عبر المؤسسة
admin.projects.access.permissionDescription,تُحدَّد الأدوار الثابتة وأذوناتها بواسطة Authworks ولا يمكن تعديلها.
admin.projects.access.permissionTitle,الأدوار والأذونات الثابتة
admin.projects.access.roleKeys,أدوار المشروع الفعلية
admin.projects.access.title,الوصول الفعلي
admin.projects.applications.create,إضافة تطبيق
admin.projects.applications.description,التطبيقات التي تصادق على هذا المشروع.
admin.projects.applications.empty,لا توجد تطبيقات في هذا المشروع بعد.
admin.projects.applications.invalid,أدخل اسم التطبيق واختر نوعاً.
admin.projects.applications.name,اسم التطبيق
admin.projects.applications.removeConfirm,هل تريد إزالة هذا التطبيق؟ لا يمكن التراجع عن هذا الإجراء.
admin.projects.applications.title,التطبيقات
admin.projects.applications.type,نوع التطبيق
admin.projects.crossTenant,ينتمي هذا المورد إلى نطاق آخر وغير متاح هنا.
admin.projects.deleteConfirm,هل تريد حذف هذا المشروع؟ ستُحذف التطبيقات والأدوار والمنح معه.
admin.projects.detail.authorizationRequired,التفويض مطلوب
admin.projects.detail.created,تاريخ الإنشاء
admin.projects.detail.identifier,معرّف المشروع
admin.projects.detail.organization,المؤسسة
admin.projects.detail.projectAccessRequired,الوصول إلى المشروع مطلوب
admin.projects.detail.settingsDescription,تحكّم في اسم المشروع وكيفية فرض الوصول.
admin.projects.detail.settingsTitle,إعدادات المشروع
admin.projects.detail.updated,آخر تحديث
admin.projects.detailTitle,تفاصيل المشروع
admin.projects.grants.create,منح وصول المؤسسة
admin.projects.grants.description,امنح مؤسسة أخرى حق الوصول إلى هذا المشروع واختر الأدوار التي تحصل عليها.
admin.projects.grants.empty,لم يُمنح أي مؤسسة حق الوصول إلى هذا المشروع.
admin.projects.grants.grantedOrganization,المؤسسة الممنوحة
admin.projects.grants.invalid,اختر منظمة ودورًا واحدًا على الأقل.
admin.projects.grants.revokeConfirm,هل تريد إبطال منح الوصول لهذه المؤسسة؟ سيخسر الأعضاء الوصول إلى المشروع.
admin.projects.grants.roleKeys,الأدوار الممنوحة
admin.projects.grants.title,منح المؤسسة
admin.projects.lifecycle.activate,تفعيل
admin.projects.lifecycle.deactivate,إلغاء التفعيل
admin.projects.lifecycle.remove,إزالة
admin.projects.lifecycle.removeConfirm,هل تريد إزالة هذا المشروع؟
admin.projects.list.create,إنشاء مشروع
admin.projects.list.description,تجمع المشاريع تطبيقات المؤسسة وأدوارها ومنحها.
admin.projects.list.empty,لا توجد مشاريع في هذا النطاق بعد.
admin.projects.list.invalid,أدخل اسم المشروع واختر منظمة.
admin.projects.list.name,اسم المشروع
admin.projects.list.search,البحث في المشاريع
admin.projects.list.title,المشاريع
admin.projects.missingId,يجب اختيار مشروع لهذه الوجهة.
admin.projects.permissionDenied,ليس لديك إذن لعرض معلومات هذا المشروع أو تغييرها.
admin.projects.roles.create,إنشاء دور
admin.projects.roles.deleteConfirm,هل تريد حذف دور المشروع هذا؟ ستفقد المنح التي تشير إليه هذا الدور.
admin.projects.roles.description,الأدوار التي يمكن لهذا المشروع إسنادها إلى المؤسسات وأعضائها.
admin.projects.roles.displayName,اسم العرض
admin.projects.roles.empty,لا يحدّد هذا المشروع أي أدوار بعد.
admin.projects.roles.group,المجموعة
admin.projects.roles.invalid,أدخل مفتاح الدور واسم العرض.
admin.projects.roles.key,مفتاح الدور
admin.projects.roles.title,أدوار المشروع
admin.projects.saved,تم حفظ {name}.
admin.projects.status,الحالة
admin.projects.statusValue.active,نشط
admin.projects.statusValue.inactive,غير نشط
admin.projects.statusValue.removed,مُزالة
admin.realm.confirmLabel,اكتب {name} للتأكيد
admin.realm.confirmMismatch,اسم النطاق غير مطابق.
admin.realm.created,تاريخ الإنشاء
admin.realm.dangerZone,منطقة الخطر
admin.realm.description,إعدادات الهوية وتسجيل الدخول للنطاق الذي تديره.
admin.realm.disable,تعطيل النطاق
admin.realm.disableConfirm,تعطيل هذا النطاق يوقف تسجيل الدخول لجميع تطبيقاته. هل تريد المتابعة؟
admin.realm.disableWarning,يؤدي تعطيل هذا النطاق إلى إيقاف تسجيل الدخول وإصدار الرموز فورًا لجميع تطبيقاته.
admin.realm.disabled,تم تعطيل النطاق.
admin.realm.domainRequired,أدخل مجالًا واحدًا على الأقل للنطاق.
admin.realm.domains,المجالات
admin.realm.domainsHint,افصل بين المجالات بفواصل. المجال الأول هو المجال الأساسي.
admin.realm.enable,تفعيل النطاق
admin.realm.enableDescription,هذا النطاق معطل. فعّله لاستعادة تسجيل الدخول وإصدار الرموز.
admin.realm.enabled,تم تفعيل النطاق.
admin.realm.identifier,معرّف النطاق
admin.realm.invalid,أدخل اسم النطاق ومجالًا واحدًا على الأقل.
admin.realm.lifecycleTitle,دورة حياة النطاق
admin.realm.name,اسم النطاق
admin.realm.nameRequired,أدخل اسمًا للنطاق.
admin.realm.permissionDenied,ليس لديك إذن لتغيير هذا النطاق.
admin.realm.primaryDomain,المجال الأساسي
admin.realm.save,حفظ الإعدادات
admin.realm.saved,تم حفظ إعدادات النطاق.
admin.realm.settingsDescription,غيّر اسم النطاق والمجالات التي تشير إليه.
admin.realm.settingsTitle,الإعدادات العامة
admin.realm.status,الحالة
admin.realm.statusActive,نشط
admin.realm.statusDisabled,معطل
admin.realm.title,إعدادات النطاق
admin.realm.updated,آخر تحديث
admin.session.expired,انتهت صلاحية جلسة المسؤول
admin.signIn.activeTitle,جلسة المسؤول نشطة
admin.signIn.credential,بيانات اعتماد المسؤول الأولي
admin.signIn.credentialInvalid,أدخل بيانات اعتماد المسؤول الأولي كاملة.
admin.signIn.credentialNotStored,يتم استبدال بيانات الاعتماد بجلسة متصفح قصيرة ولا يتم تخزينها أبدًا في هذا المتصفح.
admin.signIn.description,استبدل بيانات الاعتماد الأولية الصادرة عن المشغّل بجلسة مسؤول قصيرة في المتصفح.
admin.signIn.expiresAt,تنتهي هذه الجلسة في {date}.
admin.signIn.signOutConfirm,هل تريد إنهاء جلسة المسؤول هذه؟ سيتعين عليك تسجيل الدخول مرة أخرى للمتابعة.
admin.signIn.signedOutDetail,تم إنهاء جلسة المسؤول على هذا الجهاز.
admin.signIn.signedOutTitle,تم تسجيل الخروج
admin.signIn.subject,الموضوع
admin.signIn.subjectType,نوع الموضوع
admin.signIn.title,تسجيل دخول المسؤول
admin.users.authentication.description,"Review safe sign-in metadata. Stored credentials, private keys, and recovery-code values are never shown."
admin.users.authentication.empty,No authentication methods are configured.
admin.users.authentication.generated,Generated {date}
admin.users.authentication.neverUsed,Never used
admin.users.authentication.passkeyMetadata,{deviceType} · created {created} · last used {lastUsed}
admin.users.authentication.pending,Pending confirmation
admin.users.authentication.recoveryCodes,Recovery codes
admin.users.authentication.recoveryCount,{count} codes remaining
admin.users.authentication.title,Authentication methods
admin.users.authentication.totpMetadata,{label} · confirmed {confirmed}
admin.users.backToDirectory,العودة إلى المستخدمين
admin.users.count,{count} مستخدماً
admin.users.create,إنشاء مستخدم
admin.users.createDescription,أضف مستخدماً بشرياً إلى النطاق الحالي.
admin.users.createSubmit,إنشاء
admin.users.created,تم إنشاء {userName}.
admin.users.createdAt,تاريخ الإنشاء
admin.users.dangerZone,منطقة الخطر
admin.users.delete,حذف المستخدم
admin.users.deleteConfirm,حذف {userName} نهائياً؟
admin.users.deleteWarning,يؤدي حذف هذا المستخدم إلى إبطال جلساته ووصوله فوراً.
admin.users.deleted,تم حذف {userName}.
admin.users.description,الهويات البشرية في النطاق الحالي.
admin.users.detailTitle,تفاصيل المستخدم
admin.users.displayName,Display name
admin.users.displayNameRequired,Enter a display name.
admin.users.email,Email address
admin.users.empty,لا يوجد مستخدمون يطابقون عامل التصفية الحالي.
admin.users.firstName,First name
admin.users.identifier,معرّف المستخدم
admin.users.invalid,أدخل عنوان بريد إلكتروني واسم مستخدم صالحين.
admin.users.lastName,Last name
admin.users.lifecycle.active,نشط
admin.users.lifecycle.deleted,محذوف
admin.users.lifecycle.inactive,غير نشط
admin.users.lifecycle.initial,مبدئي
admin.users.lifecycle.locked,مقفل
admin.users.lifecycle.suspended,موقوف
admin.users.lifecycleChanged,حالة المستخدم الآن {state}.
admin.users.lifecycleConfirm,تعيين {userName} إلى {state}؟
admin.users.lifecycleDescription,حدّد ما إذا كان بإمكان هذا المستخدم تسجيل الدخول.
admin.users.lifecycleTitle,دورة الحياة
admin.users.markUnverified,وضع علامة غير موثّق
admin.users.markVerified,وضع علامة موثّق
admin.users.missingId,تعذّر تحديد هذا المستخدم من العنوان.
admin.users.nickName,Nickname
admin.users.pictureAlt,User profile picture
admin.users.preferredLanguage,Preferred language
admin.users.profileSave,حفظ الملف الشخصي
admin.users.profileSaved,تم حفظ الملف الشخصي للمستخدم.
admin.users.profileTitle,الملف الشخصي
admin.users.search,البحث في المستخدمين
admin.users.searchPlaceholder,تصفية حسب اسم المستخدم أو البريد الإلكتروني أو المعرّف
admin.users.sessions.created,تاريخ الإنشاء
admin.users.sessions.description,افحص الجلسات النشطة لهذا المستخدم وألغِ الوصول من أي جهاز.
admin.users.sessions.empty,لا توجد جلسات نشطة لهذا المستخدم.
admin.users.sessions.expires,تنتهي في
admin.users.sessions.ipAddress,عنوان IP
admin.users.sessions.lastUsed,آخر استخدام
admin.users.sessions.method,طريقة تسجيل الدخول
admin.users.sessions.revokeConfirm,هل تريد إلغاء هذه الجلسة فورًا؟ سيتم تسجيل خروج الجهاز على الفور.
admin.users.sessions.revoked,تم إلغاء الجلسة.
admin.users.sessions.title,الجلسات والأجهزة
admin.users.state,الحالة
admin.users.title,المستخدمون
admin.users.unverified,غير موثّق
admin.users.updated,آخر تحديث
admin.users.userName,Username
admin.users.verification,التحقق
admin.users.verificationChanged,حالة التحقق الآن {state}.
admin.users.verificationDescription,تحكّم في ما إذا كان عنوان البريد الإلكتروني لهذا المستخدم يُعد موثّقاً.
admin.users.verificationTitle,Email verification
admin.users.verified,Verified
app.name,Authworks
app.tagline,خدمات هوية آمنة
common.back,رجوع
common.cancel,إلغاء
common.close,إغلاق
common.continue,متابعة
common.decline,Decline
common.disable,إيقاف
common.disabled,معطل
common.enable,تشغيل
common.enabled,مفعل
common.error,حدث خطأ ما.
common.language,اللغة
common.loading,جارٍ التحميل
common.next,التالي
common.pagination,ترقيم الصفحات
common.previous,السابق
common.retry,إعادة المحاولة
common.revoke,إبطال
common.save,حفظ
common.signIn,تسجيل الدخول
common.signInWithProvider,تسجيل الدخول باستخدام {provider}
common.signOut,تسجيل الخروج
common.theme.dark,داكن
common.theme.light,فاتح
common.theme.system,النظام
common.urlPlaceholder,https://
demo.account.description,خريطة بدون اتصال بالشبكة لتجارب إدارة الملف الشخصي والمنظمة والأمان والوصول إلى التطبيقات التي يدعمها Authworks. كل وجهة لها عقد صريح لحالة البيانات التجريبية.
demo.account.eyebrow,الهوية بالخدمة الذاتية
demo.account.group.access.description,التطبيقات والأذونات الممنوحة من قبل هذا الحساب.
demo.account.group.access.title,الوصول
demo.account.group.identity.description,تفاصيل الملف الشخصي وتسجيل الدخول التي يديرها المستخدمون بأنفسهم.
demo.account.group.identity.title,المعلومات الشخصية
demo.account.group.organizations.description,العضوية وسياق المنظمة والدعوات.
demo.account.group.organizations.title,المنظمات
demo.account.group.security.description,الجلسات وعوامل المصادقة والهويات المتصلة.
demo.account.group.security.title,الأمان
demo.account.scenario.consents.description,مراجعة وإلغاء الأذونات الممنوحة مسبقاً للتطبيقات.
demo.account.scenario.consents.title,موافقات التطبيقات
demo.account.scenario.delete.description,مراجعة التأثير وتأكيد الحذف الدائم للحساب.
demo.account.scenario.delete.title,حذف الحساب
demo.account.scenario.email.description,مراجعة العنوان المؤكد المستخدم لتسجيل الدخول والتواصل بشأن الحساب.
demo.account.scenario.email.title,عنوان البريد الإلكتروني
demo.account.scenario.factors.description,إدارة عوامل تطبيق المصادقة والبريد الإلكتروني ومفتاح المرور.
demo.account.scenario.factors.title,المصادقة متعددة العوامل
demo.account.scenario.identities.description,مراجعة وإلغاء ربط حسابات Google وGitHub وMicrosoft.
demo.account.scenario.identities.title,الهويات المرتبطة
demo.account.scenario.invitation.description,فحص الدعوة قبل الانضمام إلى المنظمة.
demo.account.scenario.invitation.title,قبول الدعوة
demo.account.scenario.invitations.description,مراجعة الدعوات الموجهة إلى الحساب المسجل الدخول به.
demo.account.scenario.invitations.title,دعواتي
demo.account.scenario.organizations.description,عرض العضويات وتبديل المنظمة النشطة.
demo.account.scenario.organizations.title,منظماتي
demo.account.scenario.passkeys.description,تسجيل بيانات الاعتماد بدون كلمة مرور وتسميتها وإزالتها.
demo.account.scenario.passkeys.title,مفاتيح المرور
demo.account.scenario.password.description,تغيير كلمة المرور الحالية ومراجعة حالة أمانها.
demo.account.scenario.password.title,كلمة المرور
demo.account.scenario.profile.description,مراجعة وتحديث الأسماء واسم المستخدم واللغة المفضلة.
demo.account.scenario.profile.title,الملف الشخصي
demo.account.scenario.recovery_codes.description,إنشاء رموز بديلة وعرضها لمرة واحدة.
demo.account.scenario.recovery_codes.title,رموز الاسترداد
demo.account.scenario.sessions.description,مراجعة الجلسات النشطة وإلغاء الأجهزة التي لم تعد قيد الاستخدام.
demo.account.scenario.sessions.title,الجلسات والأجهزة
demo.account.title,عرض تجريبي للحساب
demo.admin.description,تنقل في النطاق الحالي باستخدام بنية معلومات تتمحور حول الأشخاص والمنظمات والتطبيقات وبيانات الاعتماد ونشاط التدقيق. العروض التجريبية المتاحة والوجهات المخططة المستقلة مفصولة بوضوح.
demo.admin.directoryTitle,دليل الإدارة
demo.admin.eyebrow,إدارة النطاق
demo.admin.group.authorization.description,التطبيقات وأدوار المشروع والمنح والوصول المقيم.
demo.admin.group.authorization.title,المشاريع والتفويض
demo.admin.group.machine_users.description,الهويات غير البشرية وبيانات اعتمادها للكتابة فقط.
demo.admin.group.machine_users.title,المستخدمون الآليون
demo.admin.group.oidc.description,العملاء وإعدادات إعادة التوجيه الدقيقة والموافقة والنطاقات ومفاتيح التوقيع.
demo.admin.group.oidc.title,OpenID Connect
demo.admin.group.operations.description,جلسات النطاق ونشاط الأمان غير القابل للتعديل.
demo.admin.group.operations.title,العمليات
demo.admin.group.organizations.description,إعدادات المنظمة والأشخاص والدعوات والنطاقات المؤكدة.
demo.admin.group.organizations.title,المنظمات
demo.admin.group.realm.description,إعدادات الهوية ودورة الحياة وتسجيل الدخول على مستوى النطاق.
demo.admin.group.realm.title,النطاق
demo.admin.group.users.description,الهويات البشرية وبيانات الاعتماد والجلسات وإجراءات الدعم المحمية.
demo.admin.group.users.title,المستخدمون
demo.admin.realmFixtureName,هوية عميل Northwind
demo.admin.scenario.admin_sign_in.description,تبادل بيانات اعتماد التشغيل الأولي بجلسة متصفح قصيرة للمسؤول.
demo.admin.scenario.admin_sign_in.title,تسجيل دخول المسؤول
demo.admin.scenario.applications.description,إدارة تطبيقات المشروع ودورة حياتها.
demo.admin.scenario.applications.title,التطبيقات
demo.admin.scenario.audit_events.description,استعراض تدفق أحداث الأمان التجريبية الحالي.
demo.admin.scenario.audit_events.title,أحداث التدقيق
demo.admin.scenario.branding.description,تكوين الألوان والشعارات والروابط القانونية الخاصة بالمنظمة.
demo.admin.scenario.branding.title,العلامة التجارية
demo.admin.scenario.domains.description,التحقق من النطاقات والتحكم في اكتشاف المنظمة.
demo.admin.scenario.domains.title,النطاقات واكتشاف المنظمة
demo.admin.scenario.effective_access.description,فحص الأدوار والأذونات الفعلية وفحوصات الوصول للقراءة فقط.
demo.admin.scenario.effective_access.title,الوصول الفعلي
demo.admin.scenario.impersonation.description,بدء جلسة دعم مبررة ومحددة بوقت عند السماح بذلك.
demo.admin.scenario.impersonation.title,انتحال الهوية
demo.admin.scenario.invitations.description,دعوة الأشخاص وتتبع الدعوات المعلقة أو منتهية الصلاحية.
demo.admin.scenario.invitations.title,الدعوات
demo.admin.scenario.login_policy.description,تعيين سياسة تسجيل الدخول وتكوين Google أو GitHub أو Microsoft.
demo.admin.scenario.login_policy.title,تسجيل الدخول وموفرو الهوية
demo.admin.scenario.machine_credentials.description,إصدار وتدوير وإلغاء بيانات اعتماد العميل ورموز الوصول الشخصية ومفاتيح واجهة برمجة التطبيقات.
demo.admin.scenario.machine_credentials.title,بيانات الاعتماد والرموز المميزة
demo.admin.scenario.machine_user_detail.description,مراجعة النطاقات ودورة الحياة، وتدوير سر العميل، وإدارة بيانات الاعتماد.
demo.admin.scenario.machine_user_detail.title,تفاصيل المستخدم الآلي
demo.admin.scenario.machine_users.description,إنشاء وإدارة هويات الخدمة ودورة حياتها.
demo.admin.scenario.machine_users.title,دليل المستخدمين الآليين
demo.admin.scenario.memberships.description,تعيين أدوار المنظمة الثابتة للأعضاء.
demo.admin.scenario.memberships.title,العضويات والأدوار
demo.admin.scenario.oidc_client_detail.description,تعديل عمليات إعادة التوجيه الدقيقة والنطاقات، وتدوير سر العميل أو إلغاؤه.
demo.admin.scenario.oidc_client_detail.title,إعدادات عميل OIDC
demo.admin.scenario.oidc_clients.description,إدارة العملاء وعمليات إعادة التوجيه والنطاقات والثقة والأسرار لمرة واحدة.
demo.admin.scenario.oidc_clients.title,عملاء OIDC
demo.admin.scenario.oidc_consents.description,مراجعة وإلغاء التطبيقات التي وافق عليها الشخص.
demo.admin.scenario.oidc_consents.title,موافقات التطبيقات
demo.admin.scenario.organization_detail.description,مراجعة إعدادات المنظمة ودورة الحياة والعضويات الحالية.
demo.admin.scenario.organization_detail.title,تفاصيل المنظمة
demo.admin.scenario.organizations.description,استعراض والبحث وإنشاء منظمات في النطاق الحالي.
demo.admin.scenario.organizations.title,دليل المنظمات
demo.admin.scenario.project_detail.description,مراجعة وتعديل إعدادات المشروع ودورة حياته.
demo.admin.scenario.project_detail.title,إعدادات المشروع
demo.admin.scenario.projects.description,استعراض والبحث وإنشاء مشاريع في النطاق الحالي.
demo.admin.scenario.projects.title,دليل المشاريع
demo.admin.scenario.protocol_documents.description,فحص نقاط نهاية الاكتشاف وJWKS للقراءة فقط.
demo.admin.scenario.protocol_documents.title,وثائق البروتوكول
demo.admin.scenario.realm_overview.description,مراجعة هوية النطاق والنطاقات الفرعية وحالة دورة الحياة والجلسة الحالية.
demo.admin.scenario.realm_overview.title,نظرة عامة على النطاق
demo.admin.scenario.realm_settings.description,إدارة اسم النطاق الحالي والنطاقات الفرعية والحالة ودورة الحياة.
demo.admin.scenario.realm_settings.title,الإعدادات العامة
demo.admin.scenario.roles_grants.description,تكوين أدوار المشروع ومنح وصول المنظمة.
demo.admin.scenario.roles_grants.title,الأدوار والمنح
demo.admin.scenario.sessions.description,مراجعة جلسات النطاق مع سياق الفاعل والجهاز.
demo.admin.scenario.sessions.title,الجلسات
demo.admin.scenario.signing_keys.description,مراجعة بيانات المفتاح الوصفية وإجراء التدوير المحمي.
demo.admin.scenario.signing_keys.title,مفاتيح التوقيع
demo.admin.scenario.user_authentication.description,مراجعة بيانات العوامل الآمنة ومفاتيح المرور والاسترداد الوصفية في تفاصيل المستخدم.
demo.admin.scenario.user_authentication.title,طرق المصادقة
demo.admin.scenario.user_detail.description,مراجعة الملف الشخصي ودورة الحياة والجلسات وبيانات المصادقة الوصفية الآمنة.
demo.admin.scenario.user_detail.title,تفاصيل المستخدم
demo.admin.scenario.user_sessions.description,فحص وإلغاء جلسات المتصفح النشطة للمستخدم.
demo.admin.scenario.user_sessions.title,جلسات المستخدم
demo.admin.scenario.users.description,استعراض والبحث عن المستخدمين البشريين في النطاق الحالي.
demo.admin.scenario.users.title,دليل المستخدمين
demo.directory.available,متاح
demo.directory.availableDemos,عروض تجريبية متاحة
demo.directory.back,العودة إلى الدليل
demo.directory.fixtureStates,حالات البيانات التجريبية
demo.directory.openDemo,فتح العرض التجريبي
demo.directory.planned,مخطط
demo.directory.plannedDestinations,وجهات مخططة
demo.directory.previewFoundation,معاينة الأساس
demo.fixture.accepted,مقبول
demo.fixture.accountError,تعذّر تحميل بيانات الاختبار الحتمية للحساب.
demo.fixture.active,نشط
demo.fixture.assuranceRequired,الضمان مطلوب
demo.fixture.continuing,جارٍ المتابعة
demo.fixture.crossTenant,عبر المستأجرين
demo.fixture.declined,مرفوض
demo.fixture.empty,فارغ
demo.fixture.ended,منتهٍ
demo.fixture.error,خطأ
demo.fixture.expired,منتهية
demo.fixture.expiring,تنتهي صلاحيته قريباً
demo.fixture.fatal,خطأ جسيم
demo.fixture.loading,جارٍ التحميل
demo.fixture.nestedRejected,رفض متداخل
demo.fixture.oneTime,لمرة واحدة
demo.fixture.passwordChangeExpired,انتهت صلاحية كلمة المرور
demo.fixture.permissionDenied,تم رفض الإذن
demo.fixture.preview,معاينة بيانات تجريبية مستقلة
demo.fixture.recoveryFatal,الاسترداد غير متاح
demo.fixture.recoveryLoading,جارٍ تحميل الاسترداد
demo.fixture.redacted,منقح
demo.fixture.replayed,معاد تشغيله
demo.fixture.resetInvalid,رابط إعادة التعيين غير صالح
demo.fixture.resetLoading,جارٍ تحميل رابط إعادة التعيين
demo.fixture.state,حالة البيانات التجريبية
demo.fixture.success,نجاح
demo.hub.accountDescription,استكشف وجهات الملف الشخصي والمنظمة والأمان بالخدمة الذاتية.
demo.hub.accountOpen,فتح الحساب
demo.hub.adminDescription,إدارة موارد الهوية وإعدادات المنظمة.
demo.hub.adminOpen,فتح الإدارة
demo.hub.description,استكشف العروض التجريبية لتسجيل الدخول والحساب والإدارة ورسائل البريد الإلكتروني للمعاملات.
demo.hub.loginDescription,استكشف تجربة المصادقة للمستخدمين لديك.
demo.hub.loginOpen,فتح تسجيل الدخول
demo.login.description,استكشف بيانات تجريبية محددة لتسجيل الدخول والاسترداد والتفاعل. تظل التدفقات الحالية تفاعلية بينما تعرض الوجهات المخططة عقود السيناريوهات المستقلة.
demo.login.eyebrow,المصادقة المستضافة
demo.login.group.chooser.description,نقاط الدخول المشتقة من سياسة تسجيل الدخول المكتشفة والحسابات المحفوظة محلياً.
demo.login.group.chooser.title,بدء تسجيل الدخول
demo.login.group.chrome.description,الخيارات البديلة عبر التدفقات المستخدمة في كل شاشة تفاعل مستضافة.
demo.login.group.chrome.title,الحالات المشتركة
demo.login.group.interaction.description,نتائج التفاعل وتسجيل الخروج لطلبات OIDC المستضافة.
demo.login.group.interaction.title,التفاعل وتسجيل الخروج
demo.login.group.mfa.description,تحديات العامل الثاني وتسجيل تطبيق المصادقة ورموز الاسترداد.
demo.login.group.mfa.title,المصادقة متعددة العوامل
demo.login.group.password_email.description,المصادقة بكلمة المرور ورمز البريد الإلكتروني ببيانات تجريبية محلية محددة.
demo.login.group.password_email.title,كلمة المرور ورمز البريد الإلكتروني
demo.login.group.passwordless.description,مفاتيح المرور وموفرو الهوية الخارجيون المكونون.
demo.login.group.passwordless.title,بدون كلمة مرور والمصادقة الخارجية
demo.login.group.recovery.description,طلب واستكمال استرداد كلمة المرور دون الكشف عن الحساب.
demo.login.group.recovery.title,الاسترداد
demo.login.group.registration.description,التسجيل وتأكيد البريد الإلكتروني الصادر عن الخادم.
demo.login.group.registration.title,التسجيل والتحقق
demo.login.scenario.chooser.description,اختر طريقة مصادقة أساسية مسموح بها.
demo.login.scenario.chooser.title,اختيار طريقة الدخول
demo.login.scenario.chooser_recent_accounts.description,المتابعة بحساب محفوظ على هذا الجهاز.
demo.login.scenario.chooser_recent_accounts.title,الحسابات الأخيرة
demo.login.scenario.email_otp.description,طلب رمز لمرة واحدة يتم تسليمه عبر البريد الإلكتروني.
demo.login.scenario.email_otp.title,طلب رمز البريد الإلكتروني
demo.login.scenario.email_otp_code.description,أدخل رمز التحقق المكون من ستة أرقام للبريد الإلكتروني.
demo.login.scenario.email_otp_code.title,التحقق من رمز البريد الإلكتروني
demo.login.scenario.idp.description,المتابعة من خلال موفر هوية خارجي مهيأ.
demo.login.scenario.idp.title,الهوية الخارجية
demo.login.scenario.idp_failure.description,التعافي من فشل بدء موفر الهوية الخارجي.
demo.login.scenario.idp_failure.title,فشل موفر الهوية
demo.login.scenario.loading.description,إظهار التقدم أثناء معالجة اكتشاف النطاق.
demo.login.scenario.loading.title,جارٍ التحميل
demo.login.scenario.logout.description,تأكيد تسجيل الخروج لجلسة المتصفح الحالية.
demo.login.scenario.logout.title,تسجيل الخروج
demo.login.scenario.logout_done.description,تأكيد اكتمال تسجيل الخروج ومسار العودة الذي تم التحقق منه.
demo.login.scenario.logout_done.title,تم تسجيل الخروج
demo.login.scenario.mfa.description,اختر عاملاً ثانياً متاحاً.
demo.login.scenario.mfa.title,اختر عاملاً
demo.login.scenario.mfa_email_otp.description,التحقق من العامل الثاني عبر البريد الإلكتروني.
demo.login.scenario.mfa_email_otp.title,رمز البريد الإلكتروني
demo.login.scenario.mfa_passkey.description,التحقق من مفتاح المرور كعامل ثانٍ.
demo.login.scenario.mfa_passkey.title,عامل مفتاح المرور
demo.login.scenario.mfa_recovery_code.description,استخدام رمز استرداد فردي عندما تكون العوامل الأخرى غير متاحة.
demo.login.scenario.mfa_recovery_code.title,رمز الاسترداد
demo.login.scenario.mfa_totp.description,التحقق من رمز تطبيق المصادقة المستند إلى الوقت.
demo.login.scenario.mfa_totp.title,رمز تطبيق المصادقة
demo.login.scenario.mfa_totp_enroll.description,ربط وتأكيد تطبيق مصادقة جديد.
demo.login.scenario.mfa_totp_enroll.title,تسجيل تطبيق المصادقة
demo.login.scenario.passkey.description,المصادقة باستخدام مفتاح مرور مرتبط بالجهاز.
demo.login.scenario.passkey.title,مفتاح المرور
demo.login.scenario.passkey_unsupported.description,شرح عدم توافق المتصفح أو الجهاز.
demo.login.scenario.passkey_unsupported.title,مفتاح المرور غير متاح
demo.login.scenario.password.description,تسجيل الدخول باستخدام عنوان بريد إلكتروني أو اسم مستخدم وكلمة مرور.
demo.login.scenario.password.title,كلمة المرور
demo.login.scenario.password_change_required.description,تعيين كلمة مرور جديدة قبل المتابعة.
demo.login.scenario.password_change_required.title,تغيير كلمة المرور مطلوب
demo.login.scenario.password_error.description,عرض استجابة آمنة لبيانات الاعتماد غير الصالحة.
demo.login.scenario.password_error.title,بيانات الاعتماد غير صالحة
demo.login.scenario.password_forgot.description,طلب تعليمات استرداد كلمة المرور.
demo.login.scenario.password_forgot.title,طلب الاسترداد
demo.login.scenario.password_forgot_sent.description,عرض تأكيد البريد الإلكتروني غير الكاشف للمعلومات.
demo.login.scenario.password_forgot_sent.title,تم طلب الاسترداد
demo.login.scenario.password_reset.description,اختيار كلمة مرور جديدة من خلال رابط الاسترداد.
demo.login.scenario.password_reset.title,إعادة تعيين كلمة المرور
demo.login.scenario.password_reset_complete.description,العودة إلى تسجيل الدخول بعد إعادة التعيين بنجاح.
demo.login.scenario.password_reset_complete.title,اكتملت إعادة التعيين
demo.login.scenario.register.description,إنشاء حساب بشري وفقاً لسياسة تسجيل الدخول النشطة.
demo.login.scenario.register.title,التسجيل
demo.login.scenario.register_done.description,عرض إشعار التحقق غير الكاشف للمعلومات.
demo.login.scenario.register_done.title,تم إرسال التأكيد
demo.login.scenario.signed_in.description,عرض تأكيد استئناف التفاعل.
demo.login.scenario.signed_in.title,اكتمل التفاعل
demo.login.scenario.unsupported.description,شرح التفاعل غير المدعوم أو منتهي الصلاحية.
demo.login.scenario.unsupported.title,الطلب غير متاح
demo.login.scenario.verify_email.description,تأكيد العنوان من خلال رابط صادر عن الخادم.
demo.login.scenario.verify_email.title,التحقق من البريد الإلكتروني
demo.login.title,عرض تجريبي لتسجيل الدخول
demo.nav.account,الحساب
demo.nav.admin,الإدارة
demo.nav.compact,مضغوط
demo.nav.emails,رسائل البريد الإلكتروني
demo.nav.hub,الرئيسية
demo.nav.label,عرض تجريبي
demo.nav.login,تسجيل الدخول
demo.placeholder.emptyDescription,هذه الوجهة جاهزة لحالة فارغة مقصودة.
demo.placeholder.emptyTitle,لا توجد سجلات تجريبية
demo.placeholder.errorDescription,يمكن عرض خطأ محدد هنا دون طلب شبكة.
demo.placeholder.errorTitle,خطأ في البيانات التجريبية
demo.placeholder.loading,جارٍ تحميل البيانات التجريبية
demo.placeholder.notFoundDescription,اختر وجهة مدعومة من الدليل.
demo.placeholder.notFoundTitle,لم يتم العثور على وجهة العرض التجريبي
demo.placeholder.readyDescription,تم تحديد المسار والحالات المدعومة وحدود محول العرض التجريبي. لم يتم تنفيذ صفحة الميزة عن قصد في هذه المرحلة.
demo.placeholder.readyTitle,عقد البيانات التجريبية جاهز
email.directory.description,راجع مخرجات HTML والنصوص الحتمية لكل عقد من عقود رسائل البريد الإلكتروني المعاملاتية.
email.directory.eyebrow,رسائل المعاملات
email.directory.open,فتح المعاينة
email.directory.title,معاينات البريد الإلكتروني
email.hub.description,مراجعة البيانات التجريبية لرسائل المعاملات بتنسيق HTML والنص العادي المنعزل.
email.hub.open,فتح معاينات البريد الإلكتروني
email.preview.back,جميع معاينات البريد الإلكتروني
email.preview.html,معاينة HTML
email.preview.impersonationEnded,انتهى انتحال الهوية
email.preview.impersonationStarted,بدأ انتحال الهوية
email.preview.invitation,دعوة إلى المؤسسة
email.preview.isolated,يُعرض في إطار معزول مع تعطيل الوصول إلى الشبكة.
email.preview.notFound,تعذّر العثور على معاينة البريد الإلكتروني
email.preview.otp,كلمة مرور لمرة واحدة
email.preview.recipient,مستلم تجريبي
email.preview.recovery,استعادة كلمة المرور
email.preview.securityFailed,فشل التحقق من تسجيل الدخول
email.preview.securityRequested,طُلب التحقق من تسجيل الدخول
email.preview.securityVerified,اكتمل التحقق من تسجيل الدخول
email.preview.subject,الموضوع
email.preview.text,البديل النصي
email.preview.verification,التحقق من البريد الإلكتروني
login.chooser.accountOrMethodTitle,اختر حسابًا أو طريقة
login.chooser.description,اختر طريقة تسجيل الدخول إلى {organization}
login.chooser.emailOtpDetail,استلام رمز لمرة واحدة عبر البريد الإلكتروني
login.chooser.emailOtpLabel,رمز البريد الإلكتروني
login.chooser.lastUsed,آخر استخدام
login.chooser.methodTitle,اختر طريقة
login.chooser.orChooseMethod,أو اختر طريقة
login.chooser.passkeyDetail,استخدام قفل شاشة جهازك أو مفتاح أمان
login.chooser.passkeyLabel,مفتاح مرور
login.chooser.passwordDetail,استخدام كلمة مرور حسابك
login.chooser.passwordLabel,كلمة المرور
login.chooser.providerDetail,استخدم حساب {provider} الحالي لتسجيل الدخول
login.chooser.providerLabel,المتابعة باستخدام {provider}
login.chooser.register,إنشاء حساب
login.chooser.title,تسجيل الدخول
login.chooser.useRecent,استخدام حساب حديث
login.chooser.whatsappOtpDetail,استلام رمز لمرة واحدة عبر واتساب
login.chooser.whatsappOtpLabel,رمز واتساب
login.common.back,العودة إلى خيارات تسجيل الدخول
login.common.legal,بمتابعة الاستخدام، فإنك تقرّ بـ {terms} و{privacy}.
login.common.privacy,سياسة الخصوصية
login.common.terms,شروط الخدمة
login.common.working,جارٍ التنفيذ…
login.emailOtp.back,العودة إلى الطرق
login.emailOtp.changeEmail,تغيير البريد الإلكتروني
login.emailOtp.codeDescription,أدخل الرمز المكوّن من ستة أرقام الذي أرسلناه إلى {email}.
login.emailOtp.codeHelp,أدخل 6 أرقام.
login.emailOtp.codeTitle,أدخل رمز البريد الإلكتروني
login.emailOtp.description,سنرسل إليك رمزًا للاستخدام مرة واحدة عبر البريد الإلكتروني بدلًا من طلب كلمة مرور.
login.emailOtp.remember,تذكر هذا البريد الإلكتروني
login.emailOtp.resend,إرسال رمز جديد
login.emailOtp.resendCountdown,يمكن إرسال رمز آخر خلال {seconds} ثانية.
login.emailOtp.resent,تم إرسال رمز جديد.
login.emailOtp.send,إرسال الرمز
login.emailOtp.sending,جارٍ الإرسال...
login.emailOtp.title,تسجيل الدخول باستخدام رمز البريد الإلكتروني
login.emailOtp.verify,التحقق من الرمز
login.emailOtp.verifying,جارٍ التحقق...
login.error.codeRequired,أدخل رمز التحقق المكوّن من ستة أرقام.
login.error.credentialsInvalid,اسم المستخدم أو كلمة المرور غير صحيحة.
login.error.credentialsRequired,أدخل اسم المستخدم وكلمة المرور.
login.error.emailRecoveryRequired,أدخل عنوان البريد الإلكتروني لحسابك.
login.error.emailRequired,أدخل عنوان بريد إلكتروني صالحًا.
login.error.enrollmentMissing,ابدأ إعداد تطبيق المصادقة قبل تأكيد الرمز.
login.error.identifierRequired,أدخل اسم المستخدم أو عنوان بريدك الإلكتروني.
login.error.nameRequired,أدخل الاسم الذي سيظهر في حسابك.
login.error.newPasswordRequired,أدخل كلمة مرور جديدة.
login.error.passwordMismatch,كلمتا المرور غير متطابقتين.
login.error.passwordRequired,أدخل كلمة المرور.
login.error.passwordTooShort,يجب أن تتكون كلمة المرور من 8 أحرف على الأقل.
login.error.recoveryCodeRequired,أدخل أحد رموز الاسترداد المحفوظة.
login.error.tokenMissing,افتح الرابط الكامل من بريدك الإلكتروني للمتابعة.
login.logout.description,يمكنك إنهاء هذه الجلسة على هذا الجهاز.
login.logout.doneDescription,تم تسجيل خروجك من {organization}.
login.logout.doneTitle,تم تسجيل الخروج
login.logout.submit,تسجيل الخروج
login.logout.title,تسجيل الخروج من {organization}
login.mfa.backToChoices,العودة إلى خيارات التحقق بخطوتين
login.mfa.backToMethods,العودة إلى الطرق
login.mfa.continue,متابعة تسجيل الدخول
login.mfa.description,اختر طريقة لتأكيد هويتك.
login.mfa.emailOtp,رمز البريد الإلكتروني
login.mfa.emailOtpCodeTitle,رمز التحقق عبر البريد الإلكتروني
login.mfa.emailOtpDescription,أدخل الرمز المكوّن من ستة أرقام الذي أرسلناه إلى عنوان بريدك الإلكتروني.
login.mfa.emailOtpDetail,استلام رمز تحقق لمرة واحدة عبر البريد الإلكتروني.
login.mfa.emailOtpEnroll,إعداد رموز البريد الإلكتروني
login.mfa.emailOtpEnrollDescription,ستُرسل رموز التحقق إلى عنوان البريد الإلكتروني لحسابك.
login.mfa.emailOtpEnrollNotice,أعد رموز البريد الإلكتروني لاستخدام بريد حسابك كعامل ثانٍ.
login.mfa.emailOtpEnrollSent,تم إعداد رموز البريد. أدخل الرمز المرسل إلى عنوان بريدك.
login.mfa.emailOtpEnrollTitle,إعداد رموز البريد الإلكتروني
login.mfa.emailOtpResent,تم إرسال رمز تحقق جديد إلى عنوان بريدك الإلكتروني.
login.mfa.emailOtpSend,إرسال الرمز
login.mfa.emailOtpSendDescription,إرسال رمز تحقق من ستة أرقام إلى بريد حسابك.
login.mfa.emailOtpSent,تم إرسال رمز تحقق إلى عنوان بريدك الإلكتروني.
login.mfa.emailOtpUnavailableDescription,التحقق بالبريد الإلكتروني كعامل ثانٍ غير متاح في تسجيل الدخول هذا.
login.mfa.emailOtpUnavailableNotice,نقل MFA عبر البريد الإلكتروني غير مهيأ لطلب تسجيل الدخول هذا في Authworks.
login.mfa.emailOtpUnavailableTitle,رمز البريد الإلكتروني غير متاح
login.mfa.enrollDescription,اختر طريقة لإعداد التحقق بخطوتين لحسابك.
login.mfa.enrollTitle,إعداد التحقق بخطوتين
login.mfa.enterRecoveryCode,أدخل رمز استرداد محفوظًا.
login.mfa.enterSixDigits,أدخل 6 أرقام.
login.mfa.factorUnavailable,هذا العامل غير متاح في عقد تسجيل الدخول الحالي.
login.mfa.loadingOptions,جارٍ تحميل خيارات التحقق بخطوتين...
login.mfa.loadingOptionsDescription,جارٍ جلب خيارات العامل الثاني المتاحة.
login.mfa.optionalDescription,يمكنك إعداد التحقق بخطوتين لمزيد من الأمان أو تخطيه الآن.
login.mfa.optionalTitle,التحقق بخطوتين اختياري
login.mfa.optionsUnavailableDescription,تعذر تحميل خيارات العامل الثاني المتاحة.
login.mfa.optionsUnavailableTitle,التحقق بخطوتين غير متاح
login.mfa.passkey,مفتاح مرور
login.mfa.passkeyDescription,أكد هويتك بمفتاح مرور أو قفل شاشة الجهاز أو القياسات الحيوية.
login.mfa.passkeyDetail,تحقق باستخدام مفتاح مرور أو القياسات الحيوية للجهاز.
login.mfa.passkeyEnrollmentUnavailableDescription,لا يوفّر عقد تسجيل الدخول المستضاف تسجيل مفاتيح المرور.
login.mfa.passkeyEnrollmentUnavailableNotice,أكمل إعداد مفتاح المرور من صفحة أمان الحساب بعد المصادقة، ثم عد لتسجيل الدخول.
login.mfa.passkeyEnrollmentUnavailableTitle,إعداد مفتاح المرور غير متاح
login.mfa.passkeyUnavailableDescription,التحقق بمفتاح المرور كعامل ثانٍ غير متاح في تسجيل الدخول هذا.
login.mfa.passkeyUnavailableNotice,نقل MFA بمفتاح المرور غير مهيأ لطلب Authworks هذا.
login.mfa.passkeyUnavailableTitle,مفتاح المرور غير متاح
login.mfa.passkeyVerify,التحقق باستخدام مفتاح المرور
login.mfa.recoveryCode,رمز استرداد
login.mfa.recoveryCodeDescription,استخدم أحد الرموز أحادية الاستخدام التي حفظتها عند إعداد التحقق.
login.mfa.recoveryCodeDetail,استخدم أحد رموز الاسترداد المحفوظة لمرة واحدة.
login.mfa.recoveryCodeLabel,رمز الاسترداد
login.mfa.resend,إعادة إرسال الرمز
login.mfa.resendIn,إعادة الإرسال خلال {seconds} ثانية
login.mfa.retryOptions,إعادة محاولة تحميل الخيارات
login.mfa.satisfiedDescription,يلبي تسجيل دخولك بالفعل سياسة التحقق بخطوتين.
login.mfa.satisfiedTitle,تم استيفاء التحقق بخطوتين
login.mfa.setupFactor,إعداد {factor}
login.mfa.skip,تخطي الآن
login.mfa.skipping,جارٍ التخطي...
login.mfa.title,التحقق بخطوتين
login.mfa.totp,تطبيق المصادقة
login.mfa.totpChallengeTitle,رمز تطبيق المصادقة
login.mfa.totpDescription,أدخل الرمز المكوّن من ستة أرقام من تطبيق المصادقة.
login.mfa.totpDetail,استخدم رمزًا من تطبيق المصادقة.
login.mfa.unavailable,غير متاح
login.mfa.verificationCode,رمز التحقق
login.mfa.verify,تحقق
login.passkey.canceled,تم إلغاء تسجيل الدخول بمفتاح المرور أو انتهت مهلة العملية. حاول مرة أخرى.
login.passkey.ceremonyFailure,تعذر إكمال تسجيل الدخول بمفتاح المرور. يرجى المحاولة مرة أخرى.
login.passkey.description,أكد هويتك باستخدام قفل شاشة جهازك أو بصمة إصبعك أو مفتاح أمان.
login.passkey.permissionDenied,تم رفض الوصول إلى مفتاح المرور. اسمح بالوصول إلى مفاتيح المرور لهذا الموقع ثم حاول مرة أخرى.
login.passkey.submit,المتابعة باستخدام مفتاح المرور
login.passkey.title,تسجيل الدخول باستخدام مفتاح المرور
login.passkey.unsupported,لا يمكن لهذا المتصفح أو الجهاز استخدام مفاتيح المرور. اختر طريقة تسجيل دخول أخرى.
login.passkey.unsupportedTitle,مفتاح المرور غير مدعوم
login.password.back,العودة إلى الطرق
login.password.changeDescription,اختر كلمة مرور جديدة قبل المتابعة.
login.password.changeRequiredDescription,يجب تغيير كلمة المرور قبل المتابعة.
login.password.changeRequiredTitle,غيّر كلمة المرور
login.password.changeSubmit,تغيير كلمة المرور
login.password.changeTitle,تحديث كلمة المرور
login.password.confirm,تأكيد كلمة المرور
login.password.current,كلمة المرور الحالية
login.password.currentRequired,أدخل كلمة المرور الحالية.
login.password.description,أدخل بيانات اعتماد حساب {organization}.
login.password.expiredDescription,انتهت صلاحية كلمة المرور. عيّن كلمة مرور جديدة للمتابعة.
login.password.forgot,هل نسيت كلمة المرور؟
login.password.hide,إخفاء كلمة المرور
login.password.identifier,اسم المستخدم أو البريد الإلكتروني
login.password.label,كلمة المرور
login.password.new,كلمة المرور الجديدة
login.password.passwordRequired,أدخل كلمة المرور.
login.password.rememberIdentifier,تذكر هذا المعرّف
login.password.saving,جارٍ الحفظ...
login.password.show,إظهار كلمة المرور
login.password.signInTitle,تسجيل الدخول بكلمة المرور
login.password.signingIn,جارٍ تسجيل الدخول...
login.password.submit,تسجيل الدخول
login.password.title,أدخل كلمة المرور
login.provider.accountNotFoundDescription,لا يوجد حساب Authworks مرتبط بحساب {provider} هذا. لم يتم تفعيل ربط الحسابات والتسجيل الذاتي بعد.
login.provider.accountNotFoundTitle,لا يوجد حساب مرتبط
login.provider.description,ستتابع على {provider} وتعود إلى هنا عند الانتهاء.
login.provider.failureDescription,لم يكتمل تسجيل الدخول باستخدام {provider}. حاول مرة أخرى.
login.provider.linkingFailedDescription,تعذر إكمال ربط الحساب. جرّب طريقة تسجيل دخول أخرى.
login.provider.linkingFailedTitle,تعذر ربط الحساب
login.provider.submit,المتابعة باستخدام {provider}
login.provider.title,المتابعة باستخدام {provider}
login.recent.description,المتابعة باستخدام حساب استخدمته على هذا الجهاز.
login.recent.heading,الحسابات الأخيرة
login.recent.other,استخدام حساب آخر
login.recent.title,اختر حسابًا
login.recent.useAnother,استخدام طريقة أو حساب آخر
login.recovery.back,العودة إلى تسجيل الدخول
login.recovery.checkingLink,جارٍ التحقق من رابط إعادة التعيين...
login.recovery.choosePasswordTitle,اختر كلمة مرور جديدة
login.recovery.completeDescription,سجّل الدخول باستخدام كلمة المرور الجديدة.
login.recovery.completeDescriptionReference,سجّل الدخول بكلمة مرورك الجديدة للمتابعة.
login.recovery.completeTitle,تم تحديث كلمة المرور
login.recovery.completeTitleReference,تم تغيير كلمة مرورك
login.recovery.description,أدخل عنوان بريدك الإلكتروني وسنرسل تعليمات الاسترداد إذا كان هناك حساب.
login.recovery.invalidLinkError,رابط إعادة تعيين كلمة المرور غير صالح أو انتهت صلاحيته.
login.recovery.invalidLinkTitle,لم يعد رابط إعادة التعيين صالحًا
login.recovery.loading,جارٍ تحميل استرداد كلمة المرور...
login.recovery.policyRejected,اختر كلمة مرور تستوفي المتطلبات.
login.recovery.resetDescription,اختر كلمة مرور جديدة لحسابك.
login.recovery.resetSubmit,تحديث كلمة المرور
login.recovery.resetSubmitReference,تعيين كلمة مرور جديدة
login.recovery.resetTitle,تعيين كلمة مرور جديدة
login.recovery.saving,جارٍ الحفظ...
login.recovery.sending,جارٍ الإرسال...
login.recovery.sentDescription,إذا تطابق هذا العنوان مع حساب، فستصل تعليمات الاسترداد قريبًا. تنتهي صلاحية الرابط بعد قليل.
login.recovery.sentTitle,تحقق من بريدك الإلكتروني
login.recovery.submit,إرسال تعليمات الاسترداد
login.recovery.submitReference,إرسال رابط إعادة التعيين
login.recovery.title,إعادة تعيين كلمة المرور
login.recovery.unavailableDescription,استرداد كلمة المرور غير متاح مؤقتًا.
login.recovery.unavailableTitle,استرداد كلمة المرور غير متاح
login.register.description,إنشاء حساب لـ {organization}
login.register.displayName,الاسم الكامل
login.register.doneDescription,أكد عنوان بريدك الإلكتروني باستخدام الرابط الذي أرسلناه إلى {email}.
login.register.doneTitle,تأكيد عنوان البريد الإلكتروني
login.register.email,عنوان البريد الإلكتروني
login.register.signIn,هل لديك حساب بالفعل؟
login.register.submit,إنشاء حساب
login.register.title,إنشاء حسابك
login.register.userName,اسم المستخدم
login.signedIn.description,لقد سجلت الدخول إلى {organization}.
login.signedIn.title,تم تسجيل الدخول
login.status.continuing,جارٍ متابعة تسجيل الدخول...
login.status.fatalTitle,ابدأ تسجيل الدخول من جديد
login.status.loading,جارٍ إعداد تسجيل الدخول
login.status.unavailableDescription,يتعذر إكمال طلب تسجيل الدخول هذا. ارجع إلى التطبيق وحاول مرة أخرى.
login.status.unavailableTitle,تسجيل الدخول غير متاح
login.totpEnroll.description,أضف مفتاح الإعداد هذا إلى تطبيق المصادقة، ثم أدخل الرمز الذي ينشئه. سيظهر المفتاح الآن فقط.
login.totpEnroll.hideSetupKey,إخفاء مفتاح الإعداد
login.totpEnroll.qrLabel,رمز QR لإعداد تطبيق المصادقة
login.totpEnroll.scanDescription,امسح رمز QR باستخدام تطبيق المصادقة ثم أدخل الرمز المكون من ستة أرقام الظاهر فيه.
login.totpEnroll.setupKeyLabel,مفتاح الإعداد (إذا تعذر المسح)
login.totpEnroll.showSetupKey,إظهار مفتاح الإعداد
login.totpEnroll.start,إظهار مفتاح الإعداد
login.totpEnroll.submit,إنهاء الإعداد
login.totpEnroll.title,إعداد تطبيق المصادقة
login.totpEnroll.unavailableDescription,تعذر إعداد تطبيق المصادقة هنا. لا يمكن استعادة تفاصيل الإعداد بعد إعادة التحميل.
login.verify.description,أكد عنوان البريد الإلكتروني لحسابك.
login.verify.submit,تأكيد عنوان البريد الإلكتروني
login.verify.title,التحقق من عنوان البريد الإلكتروني
login.verify.verifiedDescription,تم تأكيد {email}. يمكنك تسجيل الدخول الآن.
login.verify.verifiedTitle,تم تأكيد عنوان البريد الإلكتروني
login.whatsappOtp.codeDescription,أدخل الرمز المرسل إلى {phoneNumber} عبر واتساب.
login.whatsappOtp.codeError,رمز واتساب غير صحيح.
login.whatsappOtp.codeTitle,رمز التحقق عبر واتساب
login.whatsappOtp.description,سنرسل إليك رمزاً للاستخدام مرة واحدة عبر واتساب بدلاً من طلب كلمة مرور.
login.whatsappOtp.differentNumber,استخدم رقمًا مختلفًا
login.whatsappOtp.phoneHint,استخدم تنسيق E.164 الدولي، مثل +14155552671.
login.whatsappOtp.phoneInvalid,أدخل رقم هاتف صالحًا بتنسيق E.164.
login.whatsappOtp.phoneNumber,رقم هاتف واتساب
login.whatsappOtp.phonePlaceholder,+2010123456789
login.whatsappOtp.resend,إعادة إرسال الرمز
login.whatsappOtp.send,إرسال رمز واتساب
login.whatsappOtp.sendError,تعذر إرسال رمز واتساب.
login.whatsappOtp.sending,جارٍ إرسال الرمز…
login.whatsappOtp.title,تسجيل الدخول عبر واتساب
login.whatsappOtp.verifying,جارٍ التحقق…
shell.guard.accessUnavailable,الوصول غير متاح
shell.guard.contextRequired,السياق مطلوب
shell.guard.contextRequiredDetail,اختر النطاق أو المنظمة المطلوبة قبل المتابعة.
shell.guard.destinationUnavailable,الوجهة غير متاحة
shell.guard.destinationUnavailableDetail,الوجهة المطلوبة ليست جزءاً من هذا التطبيق.
shell.guard.pageNotFound,الصفحة غير موجودة
shell.guard.signInRequired,تسجيل الدخول مطلوب
shell.guard.signInRequiredDetail,سجل الدخول للمتابعة إلى هذه الوجهة.
shell.nav.acceptInvitation,قبول الدعوة
shell.nav.access,الوصول
shell.nav.account,الحساب
shell.nav.administratorSignIn,تسجيل دخول المسؤول
shell.nav.applicationConsent,الموافقة على التطبيق
shell.nav.applicationConsents,موافقات التطبيقات
shell.nav.applications,التطبيقات
shell.nav.auditEvents,أحداث التدقيق
shell.nav.branding,الهوية البصرية
shell.nav.chooseDestination,اختر وجهة
shell.nav.credentialsTokens,بيانات الاعتماد والرموز
shell.nav.deleteAccount,حذف الحساب
shell.nav.directory,الدليل
shell.nav.effectiveAccess,Effective access
shell.nav.effectiveAccess,الوصول الفعلي
shell.nav.emailAddress,عنوان البريد الإلكتروني
shell.nav.emailOtpSignIn,تسجيل الدخول برمز البريد الإلكتروني
shell.nav.externalIdentitySignIn,تسجيل الدخول بهوية خارجية
shell.nav.impersonation,انتحال الهوية
shell.nav.invitations,الدعوات
shell.nav.linkedIdentities,الهويات المرتبطة
shell.nav.loginPolicy,تسجيل الدخول والهوية
shell.nav.loginPolicyProviders,تسجيل الدخول وموفرو الهوية
shell.nav.logout,تسجيل الخروج
shell.nav.machineCredentials,بيانات اعتماد الآلة
shell.nav.machineUsers,مستخدمو الأجهزة
shell.nav.membershipsRoles,الأعضاء والأدوار
shell.nav.mfa,المصادقة متعددة العوامل
shell.nav.mfaSignIn,تسجيل الدخول متعدد العوامل
shell.nav.myOrganizations,منظماتي
shell.nav.navigationTitle,تنقل {title}
shell.nav.oidcClients,عملاء OIDC
shell.nav.openIdConnect,OpenID Connect
shell.nav.operations,العمليات
shell.nav.organization,المؤسسة
shell.nav.organizations,المؤسسات
shell.nav.overview,نظرة عامة
shell.nav.passkeySignIn,تسجيل الدخول بمفتاح المرور
shell.nav.passkeys,مفاتيح المرور
shell.nav.password,كلمة المرور
shell.nav.passwordRecovery,استعادة كلمة المرور
shell.nav.passwordSignIn,تسجيل الدخول بكلمة المرور
shell.nav.personalInformation,المعلومات الشخصية
shell.nav.profile,الملف الشخصي
shell.nav.projects,المشاريع
shell.nav.protocolDocuments,مستندات البروتوكول
shell.nav.realm,النطاق
shell.nav.realmSettings,إعدادات النطاق
shell.nav.recoveryCodes,رموز الاسترداد
shell.nav.refreshTokens,رموز التحديث
shell.nav.registration,التسجيل
shell.nav.rolesGrants,الأدوار والمنح
shell.nav.security,الأمان
shell.nav.securityHistory,سجل الأمان
shell.nav.sessions,الجلسات
shell.nav.sessionsDevices,الجلسات والأجهزة
shell.nav.signingKeys,مفاتيح التوقيع
shell.nav.users,المستخدمون
shell.nav.verifyEmail,التحقق من البريد الإلكتروني
shell.state.errorDetail,تعذر إعداد الصفحة. حاول مرة أخرى عندما تكون جاهزاً.
shell.state.inaccessibleDetail,ليس لديك حق الوصول إلى هذه الوجهة في السياق الحالي.
shell.state.loadingDetail,جارٍ إعداد هذه الصفحة وسياق الأمان الخاص بها.
shell.state.nothingHere,لا يوجد شيء هنا بعد
shell.state.pageUnavailable,هذه الصفحة غير متاحة
shell.state.readyDetail,هذه الصفحة جاهزة لمحتوى الميزة الخاصة بها.
